,sensitivity,JF,method,experiment,subject_idx
0,99.28571428571429,100.0,Elgendi_et_al,sitting,0
1,99.28571428571429,100.0,Matched_filter,sitting,0
2,100.0,100.0,Wavelet_transform,sitting,0
3,98.57142857142858,100.0,Engzee,sitting,0
4,100.0,100.0,Christov,sitting,0
5,98.57142857142858,71.42857142857143,Hamilton,sitting,0
6,100.0,71.42857142857143,Pan_Tompkins,sitting,0
7,93.57142857142857,95.09433962264151,WQRS,sitting,0
8,99.30555555555556,100.0,Elgendi_et_al,maths,0
9,97.22222222222221,100.0,Matched_filter,maths,0
10,98.61111111111111,71.42857142857143,Wavelet_transform,maths,0
11,99.30555555555556,100.0,Engzee,maths,0
12,99.30555555555556,100.0,Christov,maths,0
13,99.30555555555556,71.42857142857143,Hamilton,maths,0
14,99.30555555555556,71.42857142857143,Pan_Tompkins,maths,0
15,91.66666666666666,98.08429118773945,WQRS,maths,0
16,99.39393939393939,100.0,Elgendi_et_al,walking,0
17,98.7878787878788,100.0,Matched_filter,walking,0
18,99.39393939393939,100.0,Wavelet_transform,walking,0
19,98.7878787878788,100.0,Engzee,walking,0
20,99.39393939393939,100.0,Christov,walking,0
21,99.39393939393939,71.42857142857143,Hamilton,walking,0
22,99.39393939393939,71.42857142857143,Pan_Tompkins,walking,0
23,92.72727272727272,98.99665551839465,WQRS,walking,0
24,99.43181818181817,100.0,Elgendi_et_al,hand_bike,0
25,98.29545454545455,100.0,Matched_filter,hand_bike,0
26,99.43181818181817,55.55555555555556,Wavelet_transform,hand_bike,0
27,98.86363636363636,100.0,Engzee,hand_bike,0
28,99.43181818181817,100.0,Christov,hand_bike,0
29,99.43181818181817,71.42857142857143,Hamilton,hand_bike,0
30,99.43181818181817,71.42857142857143,Pan_Tompkins,hand_bike,0
31,93.18181818181817,98.75776397515527,WQRS,hand_bike,0
32,99.2094861660079,100.0,Elgendi_et_al,jogging,0
33,99.2094861660079,100.0,Matched_filter,jogging,0
34,100.0,55.55555555555556,Wavelet_transform,jogging,0
35,99.2094861660079,100.0,Engzee,jogging,0
36,100.0,71.42857142857143,Christov,jogging,0
37,100.0,71.42857142857143,Hamilton,jogging,0
38,100.0,33.33333333333333,Pan_Tompkins,jogging,0
39,94.46640316205533,70.82579867389994,WQRS,jogging,0
40,98.90710382513662,100.0,Elgendi_et_al,sitting,1
41,98.36065573770492,100.0,Matched_filter,sitting,1
42,100.0,100.0,Wavelet_transform,sitting,1
43,98.90710382513662,68.83910386965377,Engzee,sitting,1
44,100.0,74.44933920704845,Christov,sitting,1
45,100.0,71.42857142857143,Hamilton,sitting,1
46,100.0,55.55555555555556,Pan_Tompkins,sitting,1
47,98.36065573770492,56.40854472630173,WQRS,sitting,1
48,99.57446808510639,71.26660187884679,Elgendi_et_al,maths,1
49,100.0,100.0,Matched_filter,maths,1
50,99.57446808510639,55.55555555555556,Wavelet_transform,maths,1
51,98.72340425531915,99.54545454545455,Engzee,maths,1
52,100.0,37.149100689191464,Christov,maths,1
53,99.14893617021276,55.55555555555556,Hamilton,maths,1
54,99.14893617021276,55.55555555555556,Pan_Tompkins,maths,1
55,88.51063829787233,53.44270444941586,WQRS,maths,1
56,100.0,100.0,Elgendi_et_al,walking,1
57,99.51923076923077,100.0,Matched_filter,walking,1
58,99.51923076923077,71.42857142857143,Wavelet_transform,walking,1
59,98.5576923076923,100.0,Engzee,walking,1
60,99.51923076923077,47.701008114089014,Christov,walking,1
61,99.03846153846155,71.42857142857143,Hamilton,walking,1
62,99.51923076923077,45.45454545454545,Pan_Tompkins,walking,1
63,98.5576923076923,70.51516258677384,WQRS,walking,1
64,98.9795918367347,100.0,Elgendi_et_al,hand_bike,1
65,100.0,100.0,Matched_filter,hand_bike,1
66,100.0,71.23287671232877,Wavelet_transform,hand_bike,1
67,95.91836734693877,84.25925925925925,Engzee,hand_bike,1
68,99.48979591836735,51.689860834990064,Christov,hand_bike,1
69,97.95918367346938,55.4025099479645,Hamilton,hand_bike,1
70,100.0,71.23287671232877,Pan_Tompkins,hand_bike,1
71,92.3469387755102,65.4911838790932,WQRS,hand_bike,1
72,91.24579124579124,69.2167577413479,Elgendi_et_al,jogging,1
73,92.92929292929293,70.54361567635904,Matched_filter,jogging,1
74,99.66329966329967,45.37409493161705,Wavelet_transform,jogging,1
75,72.72727272727273,90.03690036900369,Engzee,jogging,1
76,94.94949494949495,49.441786283891545,Christov,jogging,1
77,95.62289562289563,54.759060135404226,Hamilton,jogging,1
78,96.96969696969697,45.37409493161705,Pan_Tompkins,jogging,1
79,90.9090909090909,54.04315386166566,WQRS,jogging,1
80,100.0,100.0,Elgendi_et_al,sitting,2
81,99.32432432432432,100.0,Matched_filter,sitting,2
82,100.0,100.0,Wavelet_transform,sitting,2
83,99.32432432432432,100.0,Engzee,sitting,2
84,99.32432432432432,100.0,Christov,sitting,2
85,97.2972972972973,71.42857142857143,Hamilton,sitting,2
86,99.32432432432432,71.42857142857143,Pan_Tompkins,sitting,2
87,99.32432432432432,100.0,WQRS,sitting,2
88,99.39024390243902,100.0,Elgendi_et_al,maths,2
89,99.39024390243902,100.0,Matched_filter,maths,2
90,99.39024390243902,71.42857142857143,Wavelet_transform,maths,2
91,99.39024390243902,100.0,Engzee,maths,2
92,99.39024390243902,100.0,Christov,maths,2
93,99.39024390243902,100.0,Hamilton,maths,2
94,100.0,71.42857142857143,Pan_Tompkins,maths,2
95,99.39024390243902,100.0,WQRS,maths,2
96,100.0,100.0,Elgendi_et_al,walking,2
97,99.41520467836257,100.0,Matched_filter,walking,2
98,100.0,71.42857142857143,Wavelet_transform,walking,2
99,98.83040935672514,100.0,Engzee,walking,2
100,100.0,100.0,Christov,walking,2
101,97.07602339181285,100.0,Hamilton,walking,2
102,99.41520467836257,29.41176470588236,Pan_Tompkins,walking,2
103,99.41520467836257,99.68253968253968,WQRS,walking,2
104,100.0,100.0,Elgendi_et_al,jogging,2
105,100.0,100.0,Matched_filter,jogging,2
106,100.0,55.55555555555556,Wavelet_transform,jogging,2
107,99.2831541218638,100.0,Engzee,jogging,2
108,100.0,71.42857142857143,Christov,jogging,2
109,100.0,71.42857142857143,Hamilton,jogging,2
110,100.0,45.45454545454545,Pan_Tompkins,jogging,2
111,99.6415770609319,71.42857142857143,WQRS,jogging,2
112,100.0,100.0,Elgendi_et_al,sitting,3
113,99.33333333333333,100.0,Matched_filter,sitting,3
114,100.0,71.42857142857143,Wavelet_transform,sitting,3
115,99.33333333333333,100.0,Engzee,sitting,3
116,100.0,100.0,Christov,sitting,3
117,99.33333333333333,100.0,Hamilton,sitting,3
118,100.0,71.42857142857143,Pan_Tompkins,sitting,3
119,99.33333333333333,100.0,WQRS,sitting,3
120,100.0,100.0,Elgendi_et_al,maths,3
121,100.0,100.0,Matched_filter,maths,3
122,99.46524064171123,71.42857142857143,Wavelet_transform,maths,3
123,100.0,100.0,Engzee,maths,3
124,100.0,71.42857142857143,Christov,maths,3
125,99.46524064171123,100.0,Hamilton,maths,3
126,99.46524064171123,55.55555555555556,Pan_Tompkins,maths,3
127,99.46524064171123,100.0,WQRS,maths,3
128,100.0,100.0,Elgendi_et_al,walking,3
129,100.0,100.0,Matched_filter,walking,3
130,100.0,71.42857142857143,Wavelet_transform,walking,3
131,98.85714285714286,100.0,Engzee,walking,3
132,100.0,100.0,Christov,walking,3
133,100.0,100.0,Hamilton,walking,3
134,100.0,71.42857142857144,Pan_Tompkins,walking,3
135,99.42857142857143,100.0,WQRS,walking,3
136,98.80239520958084,100.0,Elgendi_et_al,hand_bike,3
137,98.80239520958084,100.0,Matched_filter,hand_bike,3
138,98.20359281437125,33.33333333333333,Wavelet_transform,hand_bike,3
139,98.80239520958084,100.0,Engzee,hand_bike,3
140,99.40119760479041,71.42857142857143,Christov,hand_bike,3
141,95.80838323353294,100.0,Hamilton,hand_bike,3
142,99.40119760479041,71.42857142857143,Pan_Tompkins,hand_bike,3
143,99.40119760479041,71.42857142857143,WQRS,hand_bike,3
144,100.0,100.0,Elgendi_et_al,jogging,3
145,100.0,100.0,Matched_filter,jogging,3
146,99.60317460317461,55.55555555555556,Wavelet_transform,jogging,3
147,99.60317460317461,100.0,Engzee,jogging,3
148,100.0,100.0,Christov,jogging,3
149,99.20634920634922,100.0,Hamilton,jogging,3
150,100.0,55.55555555555556,Pan_Tompkins,jogging,3
151,99.60317460317461,100.0,WQRS,jogging,3
152,99.32432432432432,100.0,Elgendi_et_al,sitting,4
153,99.32432432432432,99.62825278810409,Matched_filter,sitting,4
154,99.32432432432432,71.42857142857143,Wavelet_transform,sitting,4
155,99.32432432432432,100.0,Engzee,sitting,4
156,100.0,99.62825278810409,Christov,sitting,4
157,85.8108108108108,100.0,Hamilton,sitting,4
158,100.0,100.0,Pan_Tompkins,sitting,4
159,100.0,99.62825278810409,WQRS,sitting,4
160,100.0,100.0,Elgendi_et_al,maths,4
161,99.3421052631579,100.0,Matched_filter,maths,4
162,100.0,71.42857142857143,Wavelet_transform,maths,4
163,99.3421052631579,100.0,Engzee,maths,4
164,100.0,100.0,Christov,maths,4
165,84.86842105263158,71.42857142857143,Hamilton,maths,4
166,99.3421052631579,55.55555555555556,Pan_Tompkins,maths,4
167,100.0,100.0,WQRS,maths,4
168,100.0,100.0,Elgendi_et_al,walking,4
169,99.41520467836257,100.0,Matched_filter,walking,4
170,100.0,71.42857142857143,Wavelet_transform,walking,4
171,100.0,100.0,Engzee,walking,4
172,99.41520467836257,100.0,Christov,walking,4
173,80.11695906432749,71.42857142857143,Hamilton,walking,4
174,100.0,45.45454545454545,Pan_Tompkins,walking,4
175,100.0,100.0,WQRS,walking,4
176,98.42931937172776,100.0,Elgendi_et_al,hand_bike,4
177,98.42931937172776,100.0,Matched_filter,hand_bike,4
178,100.0,55.55555555555556,Wavelet_transform,hand_bike,4
179,99.47643979057592,99.71830985915493,Engzee,hand_bike,4
180,100.0,71.42857142857143,Christov,hand_bike,4
181,100.0,71.22736418511066,Hamilton,hand_bike,4
182,100.0,45.45454545454545,Pan_Tompkins,hand_bike,4
183,99.47643979057592,71.02728731942214,WQRS,hand_bike,4
184,100.0,100.0,Elgendi_et_al,jogging,4
185,99.65870307167235,100.0,Matched_filter,jogging,4
186,99.65870307167235,55.55555555555557,Wavelet_transform,jogging,4
187,97.95221843003414,99.27797833935018,Engzee,jogging,4
188,99.31740614334471,71.42857142857143,Christov,jogging,4
189,95.56313993174061,71.42857142857143,Hamilton,jogging,4
190,99.65870307167235,71.42857142857143,Pan_Tompkins,jogging,4
191,99.65870307167235,71.42857142857143,WQRS,jogging,4
192,99.41176470588235,100.0,Elgendi_et_al,sitting,5
193,99.41176470588235,100.0,Matched_filter,sitting,5
194,100.0,71.42857142857143,Wavelet_transform,sitting,5
195,99.41176470588235,100.0,Engzee,sitting,5
196,99.41176470588235,100.0,Christov,sitting,5
197,86.47058823529412,71.42857142857143,Hamilton,sitting,5
198,100.0,31.25,Pan_Tompkins,sitting,5
199,99.41176470588235,100.0,WQRS,sitting,5
200,99.48186528497409,71.42857142857143,Elgendi_et_al,maths,5
201,99.48186528497409,100.0,Matched_filter,maths,5
202,99.48186528497409,71.42857142857143,Wavelet_transform,maths,5
203,99.48186528497409,100.0,Engzee,maths,5
204,99.48186528497409,100.0,Christov,maths,5
205,98.96373056994818,100.0,Hamilton,maths,5
206,99.48186528497409,21.73913043478261,Pan_Tompkins,maths,5
207,99.48186528497409,100.0,WQRS,maths,5
208,99.4475138121547,99.70149253731343,Elgendi_et_al,walking,5
209,98.89502762430939,100.0,Matched_filter,walking,5
210,99.4475138121547,71.21535181236673,Wavelet_transform,walking,5
211,98.89502762430939,100.0,Engzee,walking,5
212,99.4475138121547,99.70149253731343,Christov,walking,5
213,98.34254143646409,71.21535181236673,Hamilton,walking,5
214,99.4475138121547,71.21535181236673,Pan_Tompkins,walking,5
215,94.47513812154696,100.0,WQRS,walking,5
216,98.3957219251337,71.42857142857143,Elgendi_et_al,hand_bike,5
217,99.46524064171123,100.0,Matched_filter,hand_bike,5
218,99.46524064171123,45.45454545454545,Wavelet_transform,hand_bike,5
219,98.93048128342245,100.0,Engzee,hand_bike,5
220,100.0,100.0,Christov,hand_bike,5
221,97.32620320855615,71.42857142857143,Hamilton,hand_bike,5
222,99.46524064171123,55.55555555555556,Pan_Tompkins,hand_bike,5
223,97.86096256684492,99.42528735632183,WQRS,hand_bike,5
224,99.58677685950413,71.42857142857143,Elgendi_et_al,jogging,5
225,99.58677685950413,100.0,Matched_filter,jogging,5
226,99.58677685950413,45.45454545454545,Wavelet_transform,jogging,5
227,99.58677685950413,100.0,Engzee,jogging,5
228,100.0,71.42857142857143,Christov,jogging,5
229,100.0,71.42857142857143,Hamilton,jogging,5
230,99.58677685950413,45.45454545454545,Pan_Tompkins,jogging,5
231,96.69421487603306,100.0,WQRS,jogging,5
232,99.36305732484077,100.0,Elgendi_et_al,sitting,6
233,98.72611464968153,100.0,Matched_filter,sitting,6
234,99.36305732484077,71.42857142857143,Wavelet_transform,sitting,6
235,98.72611464968153,100.0,Engzee,sitting,6
236,100.0,100.0,Christov,sitting,6
237,99.36305732484077,100.0,Hamilton,sitting,6
238,98.72611464968153,71.42857142857143,Pan_Tompkins,sitting,6
239,99.36305732484077,100.0,WQRS,sitting,6
240,99.34640522875817,100.0,Elgendi_et_al,maths,6
241,100.0,100.0,Matched_filter,maths,6
242,99.34640522875817,71.42857142857143,Wavelet_transform,maths,6
243,98.69281045751634,100.0,Engzee,maths,6
244,98.0392156862745,71.42857142857143,Christov,maths,6
245,99.34640522875817,100.0,Hamilton,maths,6
246,99.34640522875817,45.45454545454545,Pan_Tompkins,maths,6
247,98.69281045751634,100.0,WQRS,maths,6
248,99.40119760479041,100.0,Elgendi_et_al,walking,6
249,98.20359281437125,100.0,Matched_filter,walking,6
250,98.80239520958084,71.42857142857143,Wavelet_transform,walking,6
251,99.40119760479041,100.0,Engzee,walking,6
252,99.40119760479041,100.0,Christov,walking,6
253,98.80239520958084,100.0,Hamilton,walking,6
254,99.40119760479041,71.42857142857143,Pan_Tompkins,walking,6
255,99.40119760479041,100.0,WQRS,walking,6
256,100.0,100.0,Elgendi_et_al,hand_bike,6
257,98.95833333333334,99.71988795518207,Matched_filter,hand_bike,6
258,100.0,71.42857142857143,Wavelet_transform,hand_bike,6
259,98.95833333333334,99.71830985915493,Engzee,hand_bike,6
260,100.0,99.4413407821229,Christov,hand_bike,6
261,98.4375,71.42857142857143,Hamilton,hand_bike,6
262,100.0,71.42857142857143,Pan_Tompkins,hand_bike,6
263,100.0,99.4413407821229,WQRS,hand_bike,6
264,100.0,100.0,Elgendi_et_al,jogging,6
265,98.38709677419355,100.0,Matched_filter,jogging,6
266,100.0,45.45454545454546,Wavelet_transform,jogging,6
267,98.79032258064517,99.78586723768737,Engzee,jogging,6
268,99.59677419354838,71.27627170271094,Christov,jogging,6
269,97.98387096774194,55.55555555555556,Hamilton,jogging,6
270,100.0,71.27627170271094,Pan_Tompkins,jogging,6
271,97.58064516129032,71.27627170271094,WQRS,jogging,6
272,98.78048780487805,100.0,Elgendi_et_al,sitting,7
273,98.78048780487805,71.42857142857143,Matched_filter,sitting,7
274,100.0,100.0,Wavelet_transform,sitting,7
275,98.78048780487805,100.0,Engzee,sitting,7
276,100.0,100.0,Christov,sitting,7
277,100.0,100.0,Hamilton,sitting,7
278,99.39024390243902,26.31578947368421,Pan_Tompkins,sitting,7
279,97.5609756097561,100.0,WQRS,sitting,7
280,99.45945945945947,71.42857142857143,Elgendi_et_al,maths,7
281,99.45945945945947,100.0,Matched_filter,maths,7
282,99.45945945945947,100.0,Wavelet_transform,maths,7
283,99.45945945945947,100.0,Engzee,maths,7
284,100.0,100.0,Christov,maths,7
285,100.0,100.0,Hamilton,maths,7
286,99.45945945945947,71.42857142857143,Pan_Tompkins,maths,7
287,93.51351351351352,99.41176470588235,WQRS,maths,7
288,99.44444444444444,83.33333333333334,Elgendi_et_al,walking,7
289,98.88888888888889,45.45454545454545,Matched_filter,walking,7
290,100.0,100.0,Wavelet_transform,walking,7
291,98.88888888888889,100.0,Engzee,walking,7
292,100.0,71.42857142857143,Christov,walking,7
293,100.0,71.42857142857143,Hamilton,walking,7
294,100.0,45.45454545454545,Pan_Tompkins,walking,7
295,91.66666666666666,70.33639143730888,WQRS,walking,7
296,99.35064935064936,100.0,Elgendi_et_al,hand_bike,7
297,98.7012987012987,71.42857142857143,Matched_filter,hand_bike,7
298,99.35064935064936,71.42857142857143,Wavelet_transform,hand_bike,7
299,99.35064935064936,100.0,Engzee,hand_bike,7
300,99.35064935064936,100.0,Christov,hand_bike,7
301,99.35064935064936,100.0,Hamilton,hand_bike,7
302,100.0,71.42857142857143,Pan_Tompkins,hand_bike,7
303,93.5064935064935,99.6415770609319,WQRS,hand_bike,7
304,63.035019455252915,13.556618819776714,Elgendi_et_al,jogging,7
305,71.98443579766537,28.011204481792717,Matched_filter,jogging,7
306,87.15953307392996,28.4629981024668,Wavelet_transform,jogging,7
307,84.43579766536965,91.70305676855895,Engzee,jogging,7
308,73.92996108949417,30.52208835341365,Christov,jogging,7
309,76.26459143968872,36.829836829836836,Hamilton,jogging,7
310,80.1556420233463,22.95238095238095,Pan_Tompkins,jogging,7
311,70.42801556420234,24.053845305086615,WQRS,jogging,7
312,100.0,100.0,Elgendi_et_al,sitting,8
313,100.0,68.1592039800995,Matched_filter,sitting,8
314,100.0,71.42857142857143,Wavelet_transform,sitting,8
315,99.33774834437085,100.0,Engzee,sitting,8
316,100.0,100.0,Christov,sitting,8
317,100.0,100.0,Hamilton,sitting,8
318,100.0,71.42857142857143,Pan_Tompkins,sitting,8
319,99.33774834437085,100.0,WQRS,sitting,8
320,100.0,100.0,Elgendi_et_al,maths,8
321,99.35897435897436,99.64912280701755,Matched_filter,maths,8
322,99.35897435897436,71.42857142857143,Wavelet_transform,maths,8
323,99.35897435897436,100.0,Engzee,maths,8
324,100.0,100.0,Christov,maths,8
325,99.35897435897436,100.0,Hamilton,maths,8
326,99.35897435897436,71.42857142857143,Pan_Tompkins,maths,8
327,100.0,100.0,WQRS,maths,8
328,100.0,71.42857142857143,Elgendi_et_al,walking,8
329,100.0,100.0,Matched_filter,walking,8
330,99.47089947089947,55.55555555555556,Wavelet_transform,walking,8
331,99.47089947089947,100.0,Engzee,walking,8
332,100.0,100.0,Christov,walking,8
333,100.0,71.42857142857143,Hamilton,walking,8
334,100.0,71.42857142857143,Pan_Tompkins,walking,8
335,100.0,100.0,WQRS,walking,8
336,99.43181818181817,100.0,Elgendi_et_al,hand_bike,8
337,100.0,100.0,Matched_filter,hand_bike,8
338,100.0,38.46153846153846,Wavelet_transform,hand_bike,8
339,99.43181818181817,100.0,Engzee,hand_bike,8
340,100.0,100.0,Christov,hand_bike,8
341,100.0,71.42857142857143,Hamilton,hand_bike,8
342,100.0,71.42857142857143,Pan_Tompkins,hand_bike,8
343,99.43181818181817,100.0,WQRS,hand_bike,8
344,88.70431893687709,67.35069718495133,Elgendi_et_al,jogging,8
345,99.66777408637874,71.42857142857143,Matched_filter,jogging,8
346,99.66777408637874,55.55555555555556,Wavelet_transform,jogging,8
347,97.67441860465115,98.94366197183099,Engzee,jogging,8
348,99.66777408637874,71.42857142857143,Christov,jogging,8
349,99.66777408637874,55.55555555555556,Hamilton,jogging,8
350,99.66777408637874,71.42857142857143,Pan_Tompkins,jogging,8
351,94.6843853820598,71.17969138875063,WQRS,jogging,8
352,99.43502824858757,100.0,Elgendi_et_al,sitting,9
353,100.0,100.0,Matched_filter,sitting,9
354,99.43502824858757,38.46153846153846,Wavelet_transform,sitting,9
355,98.87005649717514,100.0,Engzee,sitting,9
356,99.43502824858757,100.0,Christov,sitting,9
357,98.30508474576271,100.0,Hamilton,sitting,9
358,99.43502824858757,100.0,Pan_Tompkins,sitting,9
359,97.17514124293785,100.0,WQRS,sitting,9
360,99.52380952380952,100.0,Elgendi_et_al,maths,9
361,100.0,100.0,Matched_filter,maths,9
362,100.0,29.41176470588236,Wavelet_transform,maths,9
363,99.52380952380952,100.0,Engzee,maths,9
364,100.0,100.0,Christov,maths,9
365,100.0,100.0,Hamilton,maths,9
366,100.0,100.0,Pan_Tompkins,maths,9
367,99.04761904761905,100.0,WQRS,maths,9
368,99.51923076923077,100.0,Elgendi_et_al,walking,9
369,100.0,100.0,Matched_filter,walking,9
370,100.0,29.411764705882355,Wavelet_transform,walking,9
371,99.03846153846155,100.0,Engzee,walking,9
372,100.0,100.0,Christov,walking,9
373,100.0,100.0,Hamilton,walking,9
374,100.0,71.42857142857143,Pan_Tompkins,walking,9
375,98.5576923076923,100.0,WQRS,walking,9
376,99.49238578680203,100.0,Elgendi_et_al,hand_bike,9
377,98.98477157360406,100.0,Matched_filter,hand_bike,9
378,99.49238578680203,33.33333333333333,Wavelet_transform,hand_bike,9
379,99.49238578680203,100.0,Engzee,hand_bike,9
380,100.0,100.0,Christov,hand_bike,9
381,93.4010152284264,100.0,Hamilton,hand_bike,9
382,99.49238578680203,71.42857142857143,Pan_Tompkins,hand_bike,9
383,99.49238578680203,100.0,WQRS,hand_bike,9
384,99.00332225913621,99.65034965034964,Elgendi_et_al,jogging,9
385,99.66777408637874,100.0,Matched_filter,jogging,9
386,99.33554817275747,33.33333333333333,Wavelet_transform,jogging,9
387,99.00332225913621,99.82547993019197,Engzee,jogging,9
388,99.66777408637874,71.42857142857143,Christov,jogging,9
389,99.33554817275747,71.42857142857143,Hamilton,jogging,9
390,99.66777408637874,71.42857142857143,Pan_Tompkins,jogging,9
391,99.66777408637874,71.42857142857143,WQRS,jogging,9
392,99.34640522875817,100.0,Elgendi_et_al,sitting,10
393,98.69281045751634,100.0,Matched_filter,sitting,10
394,99.34640522875817,100.0,Wavelet_transform,sitting,10
395,98.0392156862745,100.0,Engzee,sitting,10
396,100.0,100.0,Christov,sitting,10
397,98.0392156862745,100.0,Hamilton,sitting,10
398,95.42483660130719,100.0,Pan_Tompkins,sitting,10
399,100.0,100.0,WQRS,sitting,10
400,100.0,100.0,Elgendi_et_al,maths,10
401,100.0,100.0,Matched_filter,maths,10
402,99.34640522875817,100.0,Wavelet_transform,maths,10
403,100.0,100.0,Engzee,maths,10
404,100.0,100.0,Christov,maths,10
405,100.0,100.0,Hamilton,maths,10
406,98.69281045751634,100.0,Pan_Tompkins,maths,10
407,100.0,100.0,WQRS,maths,10
408,100.0,100.0,Elgendi_et_al,walking,10
409,100.0,100.0,Matched_filter,walking,10
410,100.0,71.42857142857143,Wavelet_transform,walking,10
411,98.85714285714286,100.0,Engzee,walking,10
412,100.0,100.0,Christov,walking,10
413,98.85714285714286,100.0,Hamilton,walking,10
414,94.28571428571428,71.42857142857143,Pan_Tompkins,walking,10
415,100.0,100.0,WQRS,walking,10
416,98.23529411764706,71.42857142857143,Elgendi_et_al,hand_bike,10
417,98.23529411764706,71.20036513007759,Matched_filter,hand_bike,10
418,98.23529411764706,38.46153846153846,Wavelet_transform,hand_bike,10
419,98.82352941176471,100.0,Engzee,hand_bike,10
420,98.82352941176471,99.68051118210862,Christov,hand_bike,10
421,97.6470588235294,100.0,Hamilton,hand_bike,10
422,98.23529411764706,45.45454545454545,Pan_Tompkins,hand_bike,10
423,99.41176470588235,99.68051118210862,WQRS,hand_bike,10
424,83.20610687022901,37.01923076923077,Elgendi_et_al,jogging,10
425,85.1145038167939,28.88129199575622,Matched_filter,jogging,10
426,96.56488549618321,45.27126099706745,Wavelet_transform,jogging,10
427,86.64122137404581,94.51476793248945,Engzee,jogging,10
428,93.12977099236642,51.99161425576521,Christov,jogging,10
429,90.07633587786259,37.67979987492182,Hamilton,jogging,10
430,93.51145038167938,44.99540863177227,Pan_Tompkins,jogging,10
431,89.31297709923665,54.43998215082553,WQRS,jogging,10
432,99.15966386554622,100.0,Elgendi_et_al,sitting,11
433,97.47899159663865,100.0,Matched_filter,sitting,11
434,100.0,29.411764705882355,Wavelet_transform,sitting,11
435,10.92436974789916,17.094017094017094,Engzee,sitting,11
436,100.0,47.61904761904761,Christov,sitting,11
437,100.0,68.80733944954129,Hamilton,sitting,11
438,100.0,55.762081784386616,Pan_Tompkins,sitting,11
439,0.0,66.66666666666666,WQRS,sitting,11
440,99.25925925925925,100.0,Elgendi_et_al,maths,11
441,97.03703703703704,100.0,Matched_filter,maths,11
442,98.51851851851852,55.55555555555556,Wavelet_transform,maths,11
443,100.0,47.61904761904761,Christov,maths,11
444,99.25925925925925,97.58064516129032,Hamilton,maths,11
445,99.25925925925925,68.75,Pan_Tompkins,maths,11
446,92.5925925925926,47.61904761904761,WQRS,maths,11
447,99.31506849315068,100.0,Elgendi_et_al,walking,11
448,95.8904109589041,100.0,Matched_filter,walking,11
449,99.31506849315068,71.42857142857143,Wavelet_transform,walking,11
450,100.0,47.61904761904763,Christov,walking,11
451,99.31506849315068,71.42857142857143,Hamilton,walking,11
452,99.31506849315068,25.641025641025646,Pan_Tompkins,walking,11
453,0.0,47.497259773474596,WQRS,walking,11
454,97.85714285714285,99.21259842519686,Elgendi_et_al,hand_bike,11
455,95.0,71.42857142857143,Matched_filter,hand_bike,11
456,100.0,38.46153846153846,Wavelet_transform,hand_bike,11
457,67.14285714285714,74.9185667752443,Engzee,hand_bike,11
458,100.0,47.61904761904765,Christov,hand_bike,11
459,98.57142857142858,71.14624505928853,Hamilton,hand_bike,11
460,99.28571428571429,38.99721448467967,Pan_Tompkins,hand_bike,11
461,0.7142857142857143,47.61904761904765,WQRS,hand_bike,11
462,99.57446808510639,100.0,Elgendi_et_al,jogging,11
463,97.02127659574468,71.26733311834892,Matched_filter,jogging,11
464,99.57446808510639,71.42857142857143,Wavelet_transform,jogging,11
465,38.297872340425535,58.333333333333336,Engzee,jogging,11
466,100.0,64.69555035128806,Christov,jogging,11
467,99.57446808510639,71.42857142857143,Hamilton,jogging,11
468,100.0,55.55555555555556,Pan_Tompkins,jogging,11
469,88.51063829787233,68.29573934837093,WQRS,jogging,11
470,99.16317991631799,100.0,Elgendi_et_al,sitting,12
471,99.581589958159,100.0,Matched_filter,sitting,12
472,99.581589958159,55.55555555555556,Wavelet_transform,sitting,12
473,41.84100418410041,59.813084112149525,Engzee,sitting,12
474,100.0,100.0,Christov,sitting,12
475,99.581589958159,100.0,Hamilton,sitting,12
476,99.581589958159,71.42857142857143,Pan_Tompkins,sitting,12
477,96.65271966527197,99.77728285077951,WQRS,sitting,12
478,98.93617021276596,100.0,Elgendi_et_al,maths,12
479,98.93617021276596,100.0,Matched_filter,maths,12
480,98.93617021276596,71.42857142857143,Wavelet_transform,maths,12
481,77.30496453900709,89.25619834710744,Engzee,maths,12
482,99.64539007092199,100.0,Christov,maths,12
483,98.93617021276596,100.0,Hamilton,maths,12
484,98.93617021276596,71.42857142857143,Pan_Tompkins,maths,12
485,98.58156028368793,100.0,WQRS,maths,12
486,99.26470588235294,100.0,Elgendi_et_al,walking,12
487,99.26470588235294,100.0,Matched_filter,walking,12
488,99.63235294117648,100.0,Wavelet_transform,walking,12
489,51.470588235294116,70.02518891687657,Engzee,walking,12
490,99.63235294117648,100.0,Christov,walking,12
491,99.63235294117648,100.0,Hamilton,walking,12
492,99.63235294117648,100.0,Pan_Tompkins,walking,12
493,99.26470588235294,100.0,WQRS,walking,12
494,99.6078431372549,100.0,Elgendi_et_al,hand_bike,12
495,98.82352941176471,100.0,Matched_filter,hand_bike,12
496,100.0,71.42857142857143,Wavelet_transform,hand_bike,12
497,96.07843137254902,98.52631578947368,Engzee,hand_bike,12
498,100.0,100.0,Christov,hand_bike,12
499,100.0,71.42857142857143,Hamilton,hand_bike,12
500,99.6078431372549,71.42857142857143,Pan_Tompkins,hand_bike,12
501,98.0392156862745,100.0,WQRS,hand_bike,12
502,99.02912621359224,99.65986394557824,Elgendi_et_al,jogging,12
503,99.02912621359224,100.0,Matched_filter,jogging,12
504,99.67637540453075,55.55555555555556,Wavelet_transform,jogging,12
505,71.52103559870551,84.765625,Engzee,jogging,12
506,99.67637540453075,71.06721271982654,Christov,jogging,12
507,98.70550161812298,71.06351910440497,Hamilton,jogging,12
508,99.67637540453075,55.55555555555556,Pan_Tompkins,jogging,12
509,96.76375404530745,70.57093849546679,WQRS,jogging,12
510,100.0,71.19741100323625,Elgendi_et_al,sitting,13
511,99.40476190476191,38.09052683650755,Matched_filter,sitting,13
512,99.40476190476191,71.42857142857143,Wavelet_transform,sitting,13
513,93.45238095238095,98.01324503311258,Engzee,sitting,13
514,100.0,100.0,Christov,sitting,13
515,95.83333333333334,100.0,Hamilton,sitting,13
516,99.40476190476191,71.42857142857143,Pan_Tompkins,sitting,13
517,100.0,99.67637540453075,WQRS,sitting,13
518,99.42196531791907,71.42857142857143,Elgendi_et_al,maths,13
519,98.26589595375722,100.0,Matched_filter,maths,13
520,99.42196531791907,71.42857142857143,Wavelet_transform,maths,13
521,94.79768786127167,99.04761904761905,Engzee,maths,13
522,100.0,71.42857142857143,Christov,maths,13
523,95.95375722543352,100.0,Hamilton,maths,13
524,99.42196531791907,100.0,Pan_Tompkins,maths,13
525,97.6878612716763,100.0,WQRS,maths,13
526,100.0,71.42857142857143,Elgendi_et_al,walking,13
527,99.42528735632183,100.0,Matched_filter,walking,13
528,99.42528735632183,71.42857142857143,Wavelet_transform,walking,13
529,87.93103448275862,94.38943894389439,Engzee,walking,13
530,100.0,100.0,Christov,walking,13
531,96.55172413793103,100.0,Hamilton,walking,13
532,99.42528735632183,100.0,Pan_Tompkins,walking,13
533,100.0,100.0,WQRS,walking,13
534,98.81656804733728,71.42857142857143,Elgendi_et_al,hand_bike,13
535,99.40828402366864,70.5186533212011,Matched_filter,hand_bike,13
536,98.81656804733728,38.46153846153847,Wavelet_transform,hand_bike,13
537,85.20710059171599,91.98606271777004,Engzee,hand_bike,13
538,99.40828402366864,71.42857142857143,Christov,hand_bike,13
539,96.44970414201184,71.19741100323625,Hamilton,hand_bike,13
540,99.40828402366864,55.37692032868882,Pan_Tompkins,hand_bike,13
541,96.44970414201184,70.26523964634714,WQRS,hand_bike,13
542,99.62406015037594,71.28712871287128,Elgendi_et_al,jogging,13
543,98.87218045112782,71.28712871287128,Matched_filter,jogging,13
544,99.62406015037594,38.38537699923838,Wavelet_transform,jogging,13
545,62.40601503759399,78.26086956521739,Engzee,jogging,13
546,99.62406015037594,71.28712871287128,Christov,jogging,13
547,99.24812030075188,71.14512471655328,Hamilton,jogging,13
548,99.62406015037594,71.28712871287128,Pan_Tompkins,jogging,13
549,95.86466165413535,70.71571143427431,WQRS,jogging,13
550,99.3006993006993,100.0,Elgendi_et_al,sitting,14
551,97.2027972027972,100.0,Matched_filter,sitting,14
552,98.6013986013986,100.0,Wavelet_transform,sitting,14
553,98.6013986013986,100.0,Engzee,sitting,14
554,96.5034965034965,66.66666666666666,Christov,sitting,14
555,99.3006993006993,71.42857142857143,Hamilton,sitting,14
556,98.6013986013986,71.42857142857143,Pan_Tompkins,sitting,14
557,91.6083916083916,66.49214659685863,WQRS,sitting,14
558,99.32432432432432,100.0,Elgendi_et_al,maths,14
559,97.2972972972973,100.0,Matched_filter,maths,14
560,100.0,29.411764705882355,Wavelet_transform,maths,14
561,99.32432432432432,100.0,Engzee,maths,14
562,100.0,100.0,Christov,maths,14
563,96.62162162162163,71.42857142857143,Hamilton,maths,14
564,100.0,55.55555555555556,Pan_Tompkins,maths,14
565,92.56756756756756,47.73869346733669,WQRS,maths,14
566,97.48427672955975,70.69722086786932,Elgendi_et_al,walking,14
567,94.33962264150944,70.20965382740127,Matched_filter,walking,14
568,99.37106918238993,33.333333333333336,Wavelet_transform,walking,14
569,96.85534591194968,97.24137931034483,Engzee,walking,14
570,96.85534591194968,52.17704210147536,Christov,walking,14
571,97.48427672955975,45.45454545454545,Hamilton,walking,14
572,96.22641509433963,53.70370370370371,Pan_Tompkins,walking,14
573,91.19496855345912,43.126684636118604,WQRS,walking,14
574,91.71974522292994,70.20127638684339,Elgendi_et_al,hand_bike,14
575,77.70700636942675,63.133640552995395,Matched_filter,hand_bike,14
576,98.72611464968153,38.327526132404174,Wavelet_transform,hand_bike,14
577,83.43949044585987,73.17073170731707,Engzee,hand_bike,14
578,75.79617834394905,26.829268292682922,Christov,hand_bike,14
579,96.81528662420382,67.19924812030075,Hamilton,hand_bike,14
580,98.08917197452229,50.92592592592593,Pan_Tompkins,hand_bike,14
581,88.53503184713377,42.074074074074076,WQRS,hand_bike,14
582,100.0,71.42857142857143,Elgendi_et_al,sitting,15
583,99.37106918238993,100.0,Matched_filter,sitting,15
584,100.0,33.333333333333336,Wavelet_transform,sitting,15
585,98.74213836477988,100.0,Engzee,sitting,15
586,100.0,100.0,Christov,sitting,15
587,99.37106918238993,100.0,Hamilton,sitting,15
588,100.0,71.42857142857143,Pan_Tompkins,sitting,15
589,93.08176100628931,99.65397923875432,WQRS,sitting,15
590,99.46524064171123,55.55555555555556,Elgendi_et_al,maths,15
591,98.93048128342245,100.0,Matched_filter,maths,15
592,99.46524064171123,29.411764705882355,Wavelet_transform,maths,15
593,99.46524064171123,100.0,Engzee,maths,15
594,100.0,100.0,Christov,maths,15
595,100.0,100.0,Hamilton,maths,15
596,99.46524064171123,71.42857142857143,Pan_Tompkins,maths,15
597,96.2566844919786,100.0,WQRS,maths,15
598,98.98989898989899,100.0,Elgendi_et_al,walking,15
599,98.98989898989899,100.0,Matched_filter,walking,15
600,99.4949494949495,55.55555555555556,Wavelet_transform,walking,15
601,99.4949494949495,100.0,Engzee,walking,15
602,100.0,100.0,Christov,walking,15
603,100.0,100.0,Hamilton,walking,15
604,99.4949494949495,71.42857142857143,Pan_Tompkins,walking,15
605,96.96969696969697,100.0,WQRS,walking,15
606,99.47916666666666,71.42857142857143,Elgendi_et_al,hand_bike,15
607,98.95833333333334,100.0,Matched_filter,hand_bike,15
608,99.47916666666666,33.333333333333336,Wavelet_transform,hand_bike,15
609,99.47916666666666,100.0,Engzee,hand_bike,15
610,100.0,100.0,Christov,hand_bike,15
611,98.4375,71.42857142857143,Hamilton,hand_bike,15
612,100.0,71.42857142857143,Pan_Tompkins,hand_bike,15
613,96.35416666666666,100.0,WQRS,hand_bike,15
614,89.419795221843,68.63527533918595,Elgendi_et_al,jogging,15
615,98.97610921501706,99.82046678635548,Matched_filter,jogging,15
616,98.63481228668942,45.45454545454545,Wavelet_transform,jogging,15
617,94.53924914675767,97.61467889908258,Engzee,jogging,15
618,96.24573378839591,69.43753111000498,Christov,jogging,15
619,98.63481228668942,71.04247104247105,Hamilton,jogging,15
620,98.29351535836177,71.30033341882535,Pan_Tompkins,jogging,15
621,97.61092150170649,70.91284167096443,WQRS,jogging,15
622,100.0,100.0,Elgendi_et_al,sitting,16
623,100.0,100.0,Matched_filter,sitting,16
624,99.29078014184397,100.0,Wavelet_transform,sitting,16
625,100.0,100.0,Christov,sitting,16
626,100.0,100.0,Hamilton,sitting,16
627,100.0,71.42857142857143,Pan_Tompkins,sitting,16
628,99.29078014184397,99.6078431372549,WQRS,sitting,16
629,100.0,100.0,Elgendi_et_al,maths,16
630,100.0,99.60474308300395,Matched_filter,maths,16
631,99.28571428571429,71.42857142857143,Wavelet_transform,maths,16
632,45.0,63.04347826086957,Engzee,maths,16
633,100.0,71.42857142857143,Christov,maths,16
634,100.0,100.0,Hamilton,maths,16
635,99.28571428571429,71.42857142857143,Pan_Tompkins,maths,16
636,99.28571428571429,99.60474308300395,WQRS,maths,16
637,98.75776397515527,100.0,Elgendi_et_al,walking,16
638,98.13664596273291,100.0,Matched_filter,walking,16
639,99.37888198757764,100.0,Wavelet_transform,walking,16
640,9.316770186335404,17.391304347826086,Engzee,walking,16
641,100.0,100.0,Christov,walking,16
642,100.0,100.0,Hamilton,walking,16
643,99.37888198757764,71.42857142857143,Pan_Tompkins,walking,16
644,98.75776397515527,100.0,WQRS,walking,16
645,97.1830985915493,100.0,Elgendi_et_al,hand_bike,16
646,98.59154929577466,100.0,Matched_filter,hand_bike,16
647,98.59154929577466,71.42857142857143,Wavelet_transform,hand_bike,16
648,100.0,100.0,Christov,hand_bike,16
649,98.59154929577466,100.0,Hamilton,hand_bike,16
650,98.59154929577466,55.55555555555556,Pan_Tompkins,hand_bike,16
651,98.59154929577466,100.0,WQRS,hand_bike,16
652,98.65470852017937,99.76133651551312,Elgendi_et_al,jogging,16
653,100.0,100.0,Matched_filter,jogging,16
654,99.10313901345292,38.36974481365889,Wavelet_transform,jogging,16
655,100.0,71.42857142857143,Christov,jogging,16
656,99.10313901345292,71.42857142857143,Hamilton,jogging,16
657,99.55156950672645,55.42296473084063,Pan_Tompkins,jogging,16
658,98.20627802690582,99.2874109263658,WQRS,jogging,16
659,100.0,100.0,Elgendi_et_al,sitting,17
660,100.0,100.0,Matched_filter,sitting,17
661,99.28057553956835,100.0,Wavelet_transform,sitting,17
662,90.64748201438849,96.69421487603306,Engzee,sitting,17
663,100.0,71.42857142857143,Christov,sitting,17
664,74.10071942446042,100.0,Hamilton,sitting,17
665,99.28057553956835,100.0,Pan_Tompkins,sitting,17
666,100.0,71.42857142857143,WQRS,sitting,17
667,100.0,100.0,Elgendi_et_al,maths,17
668,99.32432432432432,100.0,Matched_filter,maths,17
669,100.0,71.42857142857144,Wavelet_transform,maths,17
670,95.27027027027027,100.0,Engzee,maths,17
671,100.0,71.42857142857143,Christov,maths,17
672,99.32432432432432,100.0,Hamilton,maths,17
673,100.0,100.0,Pan_Tompkins,maths,17
674,100.0,100.0,WQRS,maths,17
675,99.40476190476191,100.0,Elgendi_et_al,walking,17
676,99.40476190476191,100.0,Matched_filter,walking,17
677,98.80952380952381,55.55555555555557,Wavelet_transform,walking,17
678,52.38095238095239,70.042194092827,Engzee,walking,17
679,100.0,100.0,Christov,walking,17
680,97.02380952380952,83.33333333333334,Hamilton,walking,17
681,100.0,71.42857142857143,Pan_Tompkins,walking,17
682,100.0,100.0,WQRS,walking,17
683,99.34640522875817,100.0,Elgendi_et_al,hand_bike,17
684,99.34640522875817,100.0,Matched_filter,hand_bike,17
685,98.69281045751634,71.42857142857143,Wavelet_transform,hand_bike,17
686,49.673202614379086,67.61904761904762,Engzee,hand_bike,17
687,99.34640522875817,71.42857142857143,Christov,hand_bike,17
688,99.34640522875817,100.0,Hamilton,hand_bike,17
689,99.34640522875817,71.4285714285714,Pan_Tompkins,hand_bike,17
690,99.34640522875817,100.0,WQRS,hand_bike,17
691,99.5575221238938,100.0,Elgendi_et_al,jogging,17
692,98.67256637168141,100.0,Matched_filter,jogging,17
693,99.5575221238938,45.45454545454545,Wavelet_transform,jogging,17
694,7.52212389380531,13.215859030837004,Engzee,jogging,17
695,99.5575221238938,71.42857142857143,Christov,jogging,17
696,97.34513274336283,71.42857142857143,Hamilton,jogging,17
697,99.11504424778761,71.4285714285714,Pan_Tompkins,jogging,17
698,98.67256637168141,100.0,WQRS,jogging,17
699,100.0,100.0,Elgendi_et_al,sitting,18
700,100.0,100.0,Matched_filter,sitting,18
701,99.21259842519686,55.55555555555556,Wavelet_transform,sitting,18
702,100.0,100.0,Engzee,sitting,18
703,99.21259842519686,71.42857142857143,Christov,sitting,18
704,99.21259842519686,100.0,Hamilton,sitting,18
705,100.0,100.0,Pan_Tompkins,sitting,18
706,100.0,47.901653242899535,WQRS,sitting,18
707,100.0,100.0,Elgendi_et_al,maths,18
708,98.68421052631578,100.0,Matched_filter,maths,18
709,99.3421052631579,26.31578947368421,Wavelet_transform,maths,18
710,99.3421052631579,100.0,Engzee,maths,18
711,100.0,83.33333333333334,Christov,maths,18
712,96.05263157894737,100.0,Hamilton,maths,18
713,100.0,71.42857142857143,Pan_Tompkins,maths,18
714,99.3421052631579,52.01658499811535,WQRS,maths,18
715,100.0,100.0,Elgendi_et_al,walking,18
716,99.28571428571429,100.0,Matched_filter,walking,18
717,98.57142857142858,31.25,Wavelet_transform,walking,18
718,97.14285714285714,98.79518072289156,Engzee,walking,18
719,75.71428571428571,24.901185770750985,Christov,walking,18
720,99.28571428571429,71.42857142857143,Hamilton,walking,18
721,98.57142857142858,71.42857142857143,Pan_Tompkins,walking,18
722,100.0,51.42857142857142,WQRS,walking,18
723,95.2755905511811,70.1863354037267,Elgendi_et_al,hand_bike,18
724,100.0,73.13915857605178,Matched_filter,hand_bike,18
725,100.0,38.46153846153847,Wavelet_transform,hand_bike,18
726,79.52755905511812,79.42238267148014,Engzee,hand_bike,18
727,65.35433070866141,10.235507246376812,Christov,hand_bike,18
728,100.0,71.42857142857143,Hamilton,hand_bike,18
729,100.0,45.25430516619944,Pan_Tompkins,hand_bike,18
730,99.21259842519686,48.76996115666811,WQRS,hand_bike,18
731,99.00990099009901,99.47089947089947,Elgendi_et_al,jogging,18
732,98.51485148514851,71.23910572186433,Matched_filter,jogging,18
733,99.5049504950495,55.40819333922782,Wavelet_transform,jogging,18
734,90.0990099009901,85.92233009708737,Engzee,jogging,18
735,99.5049504950495,70.67669172932331,Christov,jogging,18
736,94.05940594059405,70.86317376554844,Hamilton,jogging,18
737,99.5049504950495,55.40819333922782,Pan_Tompkins,jogging,18
738,98.01980198019803,68.86446886446886,WQRS,jogging,18
739,100.0,100.0,Elgendi_et_al,sitting,19
740,98.66666666666667,100.0,Matched_filter,sitting,19
741,99.33333333333333,71.42857142857143,Wavelet_transform,sitting,19
742,99.33333333333333,100.0,Engzee,sitting,19
743,100.0,100.0,Christov,sitting,19
744,100.0,71.42857142857143,Hamilton,sitting,19
745,99.33333333333333,71.42857142857143,Pan_Tompkins,sitting,19
746,92.0,82.71604938271605,WQRS,sitting,19
747,99.4186046511628,100.0,Elgendi_et_al,maths,19
748,97.09302325581395,99.36305732484077,Matched_filter,maths,19
749,99.4186046511628,45.45454545454545,Wavelet_transform,maths,19
750,99.4186046511628,100.0,Engzee,maths,19
751,99.4186046511628,100.0,Christov,maths,19
752,95.34883720930233,71.42857142857143,Hamilton,maths,19
753,99.4186046511628,55.55555555555556,Pan_Tompkins,maths,19
754,91.86046511627907,98.71794871794873,WQRS,maths,19
755,100.0,100.0,Elgendi_et_al,walking,19
756,98.30508474576271,99.6923076923077,Matched_filter,walking,19
757,100.0,71.42857142857143,Wavelet_transform,walking,19
758,98.87005649717514,100.0,Engzee,walking,19
759,100.0,100.0,Christov,walking,19
760,98.87005649717514,100.0,Hamilton,walking,19
761,100.0,100.0,Pan_Tompkins,walking,19
762,92.65536723163842,99.07120743034056,WQRS,walking,19
763,94.40993788819875,98.32775919732441,Elgendi_et_al,hand_bike,19
764,85.71428571428571,66.66666666666667,Matched_filter,hand_bike,19
765,100.0,38.46153846153846,Wavelet_transform,hand_bike,19
766,89.44099378881988,87.34939759036145,Engzee,hand_bike,19
767,94.40993788819875,51.041666666666664,Christov,hand_bike,19
768,93.7888198757764,70.46979865771812,Hamilton,hand_bike,19
769,99.37888198757764,33.108108108108105,Pan_Tompkins,hand_bike,19
770,86.95652173913044,63.25301204819277,WQRS,hand_bike,19
771,98.49624060150376,99.80119284294234,Elgendi_et_al,jogging,19
772,97.74436090225564,71.2865663163874,Matched_filter,jogging,19
773,99.62406015037594,35.714285714285715,Wavelet_transform,jogging,19
774,92.85714285714286,97.59036144578313,Engzee,jogging,19
775,99.24812030075188,70.03348214285714,Christov,jogging,19
776,97.74436090225564,71.2865663163874,Hamilton,jogging,19
777,98.87218045112782,71.42857142857143,Pan_Tompkins,jogging,19
778,92.4812030075188,70.42253521126761,WQRS,jogging,19
779,100.0,100.0,Elgendi_et_al,sitting,20
780,100.0,100.0,Matched_filter,sitting,20
781,100.0,45.45454545454546,Wavelet_transform,sitting,20
782,98.83040935672514,100.0,Engzee,sitting,20
783,100.0,100.0,Christov,sitting,20
784,95.32163742690058,100.0,Hamilton,sitting,20
785,100.0,71.42857142857143,Pan_Tompkins,sitting,20
786,100.0,100.0,WQRS,sitting,20
787,98.9247311827957,100.0,Elgendi_et_al,maths,20
788,96.7741935483871,100.0,Matched_filter,maths,20
789,100.0,33.33333333333333,Wavelet_transform,maths,20
790,98.38709677419355,99.70845481049562,Engzee,maths,20
791,99.46236559139786,98.56733524355302,Christov,maths,20
792,100.0,100.0,Hamilton,maths,20
793,100.0,71.42857142857143,Pan_Tompkins,maths,20
794,96.7741935483871,99.71014492753623,WQRS,maths,20
795,99.47916666666666,100.0,Elgendi_et_al,walking,20
796,97.91666666666666,100.0,Matched_filter,walking,20
797,99.47916666666666,55.55555555555556,Wavelet_transform,walking,20
798,95.83333333333334,98.28571428571429,Engzee,walking,20
799,99.47916666666666,71.42857142857143,Christov,walking,20
800,96.875,100.0,Hamilton,walking,20
801,99.47916666666666,55.55555555555556,Pan_Tompkins,walking,20
802,98.95833333333334,71.42857142857143,WQRS,walking,20
803,99.4475138121547,100.0,Elgendi_et_al,hand_bike,20
804,98.34254143646409,99.69969969969969,Matched_filter,hand_bike,20
805,98.89502762430939,33.33333333333333,Wavelet_transform,hand_bike,20
806,93.92265193370166,98.7878787878788,Engzee,hand_bike,20
807,99.4475138121547,100.0,Christov,hand_bike,20
808,99.4475138121547,100.0,Hamilton,hand_bike,20
809,98.89502762430939,55.55555555555556,Pan_Tompkins,hand_bike,20
810,99.4475138121547,100.0,WQRS,hand_bike,20
811,99.22779922779922,100.0,Elgendi_et_al,jogging,20
812,97.2972972972973,100.0,Matched_filter,jogging,20
813,100.0,38.46153846153846,Wavelet_transform,jogging,20
814,94.20849420849422,97.7035490605428,Engzee,jogging,20
815,100.0,71.42857142857143,Christov,jogging,20
816,100.0,71.42857142857143,Hamilton,jogging,20
817,100.0,45.45454545454545,Pan_Tompkins,jogging,20
818,98.84169884169884,71.42857142857143,WQRS,jogging,20
819,99.3006993006993,100.0,Elgendi_et_al,sitting,21
820,100.0,100.0,Matched_filter,sitting,21
821,100.0,71.42857142857143,Wavelet_transform,sitting,21
822,99.3006993006993,71.42857142857143,Christov,sitting,21
823,100.0,100.0,Hamilton,sitting,21
824,100.0,71.42857142857143,Pan_Tompkins,sitting,21
825,95.1048951048951,100.0,WQRS,sitting,21
826,99.3103448275862,100.0,Elgendi_et_al,maths,21
827,99.3103448275862,100.0,Matched_filter,maths,21
828,100.0,71.42857142857143,Wavelet_transform,maths,21
829,100.0,100.0,Christov,maths,21
830,82.75862068965517,98.49624060150376,Hamilton,maths,21
831,100.0,100.0,Pan_Tompkins,maths,21
832,95.17241379310344,100.0,WQRS,maths,21
833,98.7012987012987,100.0,Elgendi_et_al,walking,21
834,99.35064935064936,100.0,Matched_filter,walking,21
835,100.0,83.33333333333334,Wavelet_transform,walking,21
836,11.03896103896104,21.656050955414013,Engzee,walking,21
837,100.0,100.0,Christov,walking,21
838,100.0,100.0,Hamilton,walking,21
839,100.0,100.0,Pan_Tompkins,walking,21
840,91.55844155844156,98.91696750902527,WQRS,walking,21
841,98.72611464968153,99.30555555555556,Elgendi_et_al,hand_bike,21
842,98.72611464968153,100.0,Matched_filter,hand_bike,21
843,98.72611464968153,71.17794486215539,Wavelet_transform,hand_bike,21
844,98.72611464968153,100.0,Christov,hand_bike,21
845,99.36305732484077,99.64912280701755,Hamilton,hand_bike,21
846,98.72611464968153,71.17794486215539,Pan_Tompkins,hand_bike,21
847,94.26751592356688,98.61111111111111,WQRS,hand_bike,21
848,99.08256880733946,99.50980392156863,Elgendi_et_al,jogging,21
849,98.62385321100918,100.0,Matched_filter,jogging,21
850,99.08256880733946,45.23063143752799,Wavelet_transform,jogging,21
851,39.908256880733944,58.620689655172406,Engzee,jogging,21
852,99.08256880733946,71.25307125307125,Christov,jogging,21
853,97.70642201834863,70.8994708994709,Hamilton,jogging,21
854,99.08256880733946,71.07670654468684,Pan_Tompkins,jogging,21
855,95.87155963302753,99.26289926289927,WQRS,jogging,21
856,99.46524064171123,100.0,Elgendi_et_al,sitting,22
857,99.46524064171123,100.0,Matched_filter,sitting,22
858,98.93048128342245,38.46153846153846,Wavelet_transform,sitting,22
859,98.3957219251337,100.0,Engzee,sitting,22
860,99.46524064171123,100.0,Christov,sitting,22
861,96.79144385026738,100.0,Hamilton,sitting,22
862,98.93048128342245,100.0,Pan_Tompkins,sitting,22
863,100.0,100.0,WQRS,sitting,22
864,100.0,71.4285714285714,Elgendi_et_al,maths,22
865,100.0,100.0,Matched_filter,maths,22
866,99.47089947089947,45.45454545454545,Wavelet_transform,maths,22
867,99.47089947089947,100.0,Engzee,maths,22
868,100.0,100.0,Christov,maths,22
869,98.4126984126984,100.0,Hamilton,maths,22
870,99.47089947089947,71.42857142857143,Pan_Tompkins,maths,22
871,100.0,100.0,WQRS,maths,22
872,100.0,71.42857142857143,Elgendi_et_al,walking,22
873,100.0,100.0,Matched_filter,walking,22
874,100.0,71.42857142857143,Wavelet_transform,walking,22
875,99.48453608247422,100.0,Engzee,walking,22
876,100.0,100.0,Christov,walking,22
877,100.0,100.0,Hamilton,walking,22
878,100.0,100.0,Pan_Tompkins,walking,22
879,99.48453608247422,100.0,WQRS,walking,22
880,99.48979591836735,100.0,Elgendi_et_al,hand_bike,22
881,98.9795918367347,100.0,Matched_filter,hand_bike,22
882,99.48979591836735,35.71428571428571,Wavelet_transform,hand_bike,22
883,97.95918367346938,100.0,Engzee,hand_bike,22
884,99.48979591836735,100.0,Christov,hand_bike,22
885,98.46938775510205,100.0,Hamilton,hand_bike,22
886,99.48979591836735,71.42857142857143,Pan_Tompkins,hand_bike,22
887,100.0,100.0,WQRS,hand_bike,22
888,98.9247311827957,71.29354577369699,Elgendi_et_al,jogging,22
889,99.2831541218638,71.42857142857143,Matched_filter,jogging,22
890,99.2831541218638,71.42857142857143,Wavelet_transform,jogging,22
891,89.96415770609319,95.04950495049505,Engzee,jogging,22
892,99.6415770609319,71.29405434490181,Christov,jogging,22
893,99.2831541218638,71.42857142857143,Hamilton,jogging,22
894,99.2831541218638,71.42857142857143,Pan_Tompkins,jogging,22
895,99.6415770609319,100.0,WQRS,jogging,22
896,99.32885906040269,99.26470588235294,Elgendi_et_al,sitting,23
897,99.32885906040269,100.0,Matched_filter,sitting,23
898,100.0,71.42857142857143,Wavelet_transform,sitting,23
899,99.32885906040269,100.0,Engzee,sitting,23
900,99.32885906040269,100.0,Christov,sitting,23
901,100.0,100.0,Hamilton,sitting,23
902,99.32885906040269,71.42857142857143,Pan_Tompkins,sitting,23
903,91.94630872483222,71.50537634408603,WQRS,sitting,23
904,99.47643979057592,71.42857142857143,Elgendi_et_al,maths,23
905,98.95287958115183,100.0,Matched_filter,maths,23
906,100.0,100.0,Wavelet_transform,maths,23
907,98.95287958115183,100.0,Engzee,maths,23
908,100.0,100.0,Christov,maths,23
909,100.0,71.42857142857143,Hamilton,maths,23
910,100.0,100.0,Pan_Tompkins,maths,23
911,91.62303664921467,98.27586206896551,WQRS,maths,23
912,99.00990099009901,71.42857142857143,Elgendi_et_al,walking,23
913,96.53465346534654,100.0,Matched_filter,walking,23
914,99.5049504950495,71.42857142857143,Wavelet_transform,walking,23
915,99.5049504950495,100.0,Engzee,walking,23
916,99.5049504950495,100.0,Christov,walking,23
917,99.5049504950495,100.0,Hamilton,walking,23
918,99.5049504950495,71.42857142857143,Pan_Tompkins,walking,23
919,90.5940594059406,97.28260869565217,WQRS,walking,23
920,93.87755102040816,69.89247311827957,Elgendi_et_al,hand_bike,23
921,99.48979591836735,99.72602739726028,Matched_filter,hand_bike,23
922,100.0,71.23287671232877,Wavelet_transform,hand_bike,23
923,94.89795918367348,94.39999999999999,Engzee,hand_bike,23
924,98.9795918367347,71.03610675039246,Christov,hand_bike,23
925,98.46938775510205,71.03825136612022,Hamilton,hand_bike,23
926,99.48979591836735,71.23287671232877,Pan_Tompkins,hand_bike,23
927,91.83673469387756,69.47697111631538,WQRS,hand_bike,23
928,83.16831683168317,50.88265835929388,Elgendi_et_al,jogging,23
929,87.45874587458746,97.9020979020979,Matched_filter,jogging,23
930,96.03960396039604,54.58089668615984,Wavelet_transform,jogging,23
931,90.0990099009901,95.66787003610109,Engzee,jogging,23
932,89.76897689768977,69.3313594867999,Christov,jogging,23
933,92.4092409240924,68.868407578085,Hamilton,jogging,23
934,94.71947194719472,61.62587412587413,Pan_Tompkins,jogging,23
935,83.16831683168317,66.68423827095414,WQRS,jogging,23
936,100.0,100.0,Elgendi_et_al,sitting,24
937,96.29629629629629,100.0,Matched_filter,sitting,24
938,100.0,38.46153846153846,Wavelet_transform,sitting,24
939,98.51851851851852,100.0,Engzee,sitting,24
940,99.25925925925925,99.58847736625515,Christov,sitting,24
941,0.0,71.4285714285714,Hamilton,sitting,24
942,100.0,71.42857142857143,Pan_Tompkins,sitting,24
943,91.11111111111111,99.5850622406639,WQRS,sitting,24
944,98.57142857142858,100.0,Elgendi_et_al,maths,24
945,95.0,97.67441860465115,Matched_filter,maths,24
946,99.28571428571429,38.46153846153846,Wavelet_transform,maths,24
947,98.57142857142858,100.0,Engzee,maths,24
948,97.85714285714285,69.76744186046511,Christov,maths,24
949,85.71428571428571,71.14624505928853,Hamilton,maths,24
950,98.57142857142858,71.42857142857143,Pan_Tompkins,maths,24
951,97.85714285714285,98.4375,WQRS,maths,24
952,99.33774834437085,100.0,Elgendi_et_al,walking,24
953,98.01324503311258,100.0,Matched_filter,walking,24
954,100.0,45.45454545454546,Wavelet_transform,walking,24
955,98.67549668874173,100.0,Engzee,walking,24
956,100.0,100.0,Christov,walking,24
957,0.6622516556291391,51.77626606198034,Hamilton,walking,24
958,98.67549668874173,71.42857142857143,Pan_Tompkins,walking,24
959,97.35099337748345,100.0,WQRS,walking,24
960,97.98657718120806,98.9010989010989,Elgendi_et_al,hand_bike,24
961,95.30201342281879,69.87577639751554,Matched_filter,hand_bike,24
962,99.32885906040269,55.55555555555556,Wavelet_transform,hand_bike,24
963,80.53691275167785,82.16560509554141,Engzee,hand_bike,24
964,99.32885906040269,71.42857142857143,Christov,hand_bike,24
965,97.31543624161074,54.94505494505495,Hamilton,hand_bike,24
966,100.0,55.35055350553506,Pan_Tompkins,hand_bike,24
967,97.98657718120806,69.37307297019527,WQRS,hand_bike,24
968,100.0,100.0,Elgendi_et_al,jogging,24
969,95.8955223880597,71.28824024698288,Matched_filter,jogging,24
970,100.0,55.55555555555557,Wavelet_transform,jogging,24
971,91.04477611940298,96.20758483033931,Engzee,jogging,24
972,98.50746268656717,54.263565891472865,Christov,jogging,24
973,94.77611940298507,33.20261437908496,Hamilton,jogging,24
974,100.0,55.55555555555556,Pan_Tompkins,jogging,24
975,94.02985074626866,70.86391869000566,WQRS,jogging,24
