"method","experiment","metric","ccc","ccc_lower_ci","ccc_upper_ci"
"Elgendi_et_al","sitting","HRV_MeanNN","0.999725814029692","0.999380321089684","0.999878694106001"
"Elgendi_et_al","sitting","HRV_SDNN","0.926227129933162","0.843613421057921","0.966003590113833"
"Elgendi_et_al","sitting","HRV_RMSSD","0.660828244000915","0.408016639953605","0.819513967645948"
"Elgendi_et_al","sitting","HRV_SDSD","0.661170346495099","0.408467142656076","0.81973535281466"
"Elgendi_et_al","sitting","HRV_CVSD","0.582878890261224","0.320344413103909","0.762262397159645"
"Elgendi_et_al","sitting","HRV_CVNN","0.900111475333238","0.794874607739642","0.952778401120497"
"Elgendi_et_al","sitting","HRV_TINN","0.0718670191316815","-0.31693322658816","0.439988427400254"
"Elgendi_et_al","sitting","HRV_HTI","0.868248971633793","0.744053835814076","0.934444948924758"
"Elgendi_et_al","sitting","HRV_SDRMSSD","0.753281822520217","0.535803829924618","0.877028652627063"
"Elgendi_et_al","sitting","HRV_pNN20","0.853372714326071","0.703218030125679","0.930650943843651"
"Elgendi_et_al","sitting","HRV_pNN50","0.613083970988338","0.333684705294652","0.793468357205737"
"Elgendi_et_al","sitting","HRV_IQRNN","0.966448560997113","0.926646268138481","0.984823945237237"
"Elgendi_et_al","sitting","HRV_LF","0.907306960832789","0.804003210377391","0.957446881773065"
"Elgendi_et_al","sitting","HRV_HF","0.532260817948861","0.232334089545095","0.739752905964586"
"Elgendi_et_al","sitting","HRV_LFHF","0.748741680187588","0.520017228825382","0.877273064354563"
"Elgendi_et_al","sitting","HRV_LFn","0.704785210608245","0.453484800619841","0.852276071336502"
"Elgendi_et_al","sitting","HRV_HFn","0.839339062707337","0.674134050382889","0.924563672849517"
"Elgendi_et_al","sitting","HRV_LnHF","0.69617284568057","0.435568601010758","0.849100994616486"
"Elgendi_et_al","sitting","HRV_SD1","0.661170346495099","0.408467142656076","0.81973535281466"
"Elgendi_et_al","sitting","HRV_SD2","0.966667100081039","0.926852928517194","0.984979233909486"
"Elgendi_et_al","sitting","HRV_SD1SD2","0.413380559376846","0.108772981919708","0.647021512038401"
"Elgendi_et_al","sitting","HRV_SampEn","0.85738895103206","0.705870365352803","0.933879329970602"
"Elgendi_et_al","sitting","HRV_TP","0.675286629362694","0.409598431657502","0.835375338069104"
"Elgendi_et_al","maths","HRV_MeanNN","0.999985321420779","0.999969269727566","0.999992988679643"
"Elgendi_et_al","maths","HRV_SDNN","0.961531609375053","0.917505998739884","0.982278663125043"
"Elgendi_et_al","maths","HRV_RMSSD","0.504518274503284","0.216946552836613","0.711516182128651"
"Elgendi_et_al","maths","HRV_SDSD","0.505095979076844","0.217605886709103","0.711939817382947"
"Elgendi_et_al","maths","HRV_CVSD","0.31487912314675","0.0341888099158336","0.549526416029306"
"Elgendi_et_al","maths","HRV_CVNN","0.947536653392744","0.888265006892958","0.975770142631803"
"Elgendi_et_al","maths","HRV_TINN","0.283687943262411","-0.091856161572141","0.58858112871762"
"Elgendi_et_al","maths","HRV_HTI","0.911246304864216","0.810709629991724","0.959577578899098"
"Elgendi_et_al","maths","HRV_SDRMSSD","0.496331276479337","0.209373192199707","0.704579562131859"
"Elgendi_et_al","maths","HRV_pNN20","0.87993390778327","0.753672174822164","0.943559813670272"
"Elgendi_et_al","maths","HRV_pNN50","0.594977507924222","0.306775225703499","0.783237049921052"
"Elgendi_et_al","maths","HRV_IQRNN","0.955239309028897","0.90214283304099","0.979831553254664"
"Elgendi_et_al","maths","HRV_LF","0.992139830666077","0.982415263479506","0.996496102436941"
"Elgendi_et_al","maths","HRV_HF","0.876852719877838","0.760793013137844","0.938566616417353"
"Elgendi_et_al","maths","HRV_LFHF","0.919326697846528","0.830246241013386","0.962615869075937"
"Elgendi_et_al","maths","HRV_LFn","0.700068856928292","0.480453562119271","0.8370682194025"
"Elgendi_et_al","maths","HRV_HFn","0.889217378974791","0.774577638929844","0.947288223178374"
"Elgendi_et_al","maths","HRV_LnHF","0.875787171278984","0.745672224356175","0.941563226585119"
"Elgendi_et_al","maths","HRV_SD1","0.505095979076844","0.217605886709103","0.711939817382947"
"Elgendi_et_al","maths","HRV_SD2","0.996466845983102","0.992126845829293","0.998416364809749"
"Elgendi_et_al","maths","HRV_SD1SD2","0.459263908075039","0.182546940073164","0.66856286124946"
"Elgendi_et_al","maths","HRV_SampEn","0.928790538532887","0.851203389009206","0.966650180936355"
"Elgendi_et_al","maths","HRV_TP","0.945045393328517","0.881737385100652","0.974915310051221"
"Elgendi_et_al","walking","HRV_MeanNN","0.99944347180688","0.998756046347975","0.999751064057074"
"Elgendi_et_al","walking","HRV_SDNN","0.882966673706521","0.759802046721841","0.944952531393546"
"Elgendi_et_al","walking","HRV_RMSSD","0.504471868718967","0.259415085000946","0.688496651775318"
"Elgendi_et_al","walking","HRV_SDSD","0.504642976810201","0.25960721319059","0.688629746438174"
"Elgendi_et_al","walking","HRV_CVSD","0.459721553045232","0.217629539230795","0.648525618269423"
"Elgendi_et_al","walking","HRV_CVNN","0.847531000854297","0.695586993370622","0.926903518650051"
"Elgendi_et_al","walking","HRV_TINN","0.342901414402705","-0.000455407405473362","0.613932956089354"
"Elgendi_et_al","walking","HRV_HTI","0.90604089311494","0.802038803079847","0.956716213805587"
"Elgendi_et_al","walking","HRV_SDRMSSD","0.587431639130238","0.310252982464185","0.772559443491534"
"Elgendi_et_al","walking","HRV_pNN20","0.724783977118731","0.489330215273709","0.861754423542157"
"Elgendi_et_al","walking","HRV_pNN50","0.38538955187061","0.0805295952446634","0.624314035628612"
"Elgendi_et_al","walking","HRV_IQRNN","0.896910806085371","0.78446903047074","0.952261390563054"
"Elgendi_et_al","walking","HRV_LF","0.945451938310392","0.881593785375648","0.975322171330334"
"Elgendi_et_al","walking","HRV_HF","0.421117742142403","0.170954786538409","0.620273721062553"
"Elgendi_et_al","walking","HRV_LFHF","0.63826413333824","0.391772908020979","0.799269181328523"
"Elgendi_et_al","walking","HRV_LFn","0.7154916437192","0.479502224643743","0.85497352235707"
"Elgendi_et_al","walking","HRV_HFn","0.915939582231172","0.823402735842268","0.961023670750905"
"Elgendi_et_al","walking","HRV_LnHF","0.815238259498739","0.646362196433176","0.907976946436463"
"Elgendi_et_al","walking","HRV_SD1","0.504642976810201","0.25960721319059","0.688629746438174"
"Elgendi_et_al","walking","HRV_SD2","0.941719475062127","0.873892513840852","0.973580020020707"
"Elgendi_et_al","walking","HRV_SD1SD2","0.428000745755087","0.177834042566854","0.626204669069824"
"Elgendi_et_al","walking","HRV_SampEn","0.759974565380369","0.533677646761571","0.884709375610294"
"Elgendi_et_al","walking","HRV_TP","0.616481530014654","0.376834612745121","0.778776658036108"
"Elgendi_et_al","hand_bike","HRV_MeanNN","0.991420087595003","0.981815117893878","0.995962199103311"
"Elgendi_et_al","hand_bike","HRV_SDNN","0.385673716310871","0.157195420548128","0.574963252285835"
"Elgendi_et_al","hand_bike","HRV_RMSSD","0.147395275175609","0.0118009421848654","0.277666764829606"
"Elgendi_et_al","hand_bike","HRV_SDSD","0.147466223425546","0.011852320624113","0.277753204863076"
"Elgendi_et_al","hand_bike","HRV_CVSD","0.149554011334944","0.0110529812088867","0.282424707475695"
"Elgendi_et_al","hand_bike","HRV_CVNN","0.371732555506189","0.124367285902057","0.575594580529724"
"Elgendi_et_al","hand_bike","HRV_TINN","0.171764111630256","0.00845243809108064","0.326151037721834"
"Elgendi_et_al","hand_bike","HRV_HTI","0.819734699686968","0.636080317124683","0.915493917084032"
"Elgendi_et_al","hand_bike","HRV_SDRMSSD","0.296670699841263","0.0392846143566336","0.517138139147104"
"Elgendi_et_al","hand_bike","HRV_pNN20","0.555486374772911","0.279787917333202","0.74654792958785"
"Elgendi_et_al","hand_bike","HRV_pNN50","0.238447318409659","0.0277654175518437","0.428846032546258"
"Elgendi_et_al","hand_bike","HRV_IQRNN","0.916978605844027","0.826497358518712","0.961274515957427"
"Elgendi_et_al","hand_bike","HRV_LF","0.831974261767165","0.656897488176106","0.9219234323942"
"Elgendi_et_al","hand_bike","HRV_HF","0.158712764029279","-0.0416544285200442","0.346807672154947"
"Elgendi_et_al","hand_bike","HRV_LFHF","0.618839242290729","0.357728465387689","0.790200331352991"
"Elgendi_et_al","hand_bike","HRV_LFn","0.492869177923153","0.218151535020835","0.695211171444915"
"Elgendi_et_al","hand_bike","HRV_HFn","0.670003443151441","0.431807188789344","0.820838640650398"
"Elgendi_et_al","hand_bike","HRV_LnHF","0.537664544285436","0.262132741654368","0.732143675569998"
"Elgendi_et_al","hand_bike","HRV_SD1","0.147466223425546","0.0118523206241127","0.277753204863076"
"Elgendi_et_al","hand_bike","HRV_SD2","0.556966649615288","0.306841216542861","0.735128116596841"
"Elgendi_et_al","hand_bike","HRV_SD1SD2","0.121304406196802","-0.0703291350621218","0.304302920767619"
"Elgendi_et_al","hand_bike","HRV_SampEn","0.54553237760389","0.196708049786006","0.771770422564254"
"Elgendi_et_al","hand_bike","HRV_TP","0.17857259252518","-0.0935345141676119","0.4258566423681"
"Elgendi_et_al","jogging","HRV_MeanNN","0.894106010973659","0.779757102042594","0.950729172879295"
"Elgendi_et_al","jogging","HRV_SDNN","0.358191429898006","0.105431876736985","0.567477321491129"
"Elgendi_et_al","jogging","HRV_RMSSD","0.292809943530211","0.0899922740583527","0.472308513851818"
"Elgendi_et_al","jogging","HRV_SDSD","0.292939522552654","0.0901180909820955","0.472430192611326"
"Elgendi_et_al","jogging","HRV_CVSD","0.274249266534988","0.068213166379686","0.457849164220151"
"Elgendi_et_al","jogging","HRV_CVNN","0.402801960581159","0.148510224389628","0.607128845878632"
"Elgendi_et_al","jogging","HRV_TINN","0.102659516252599","-0.079865520962777","0.278523692842869"
"Elgendi_et_al","jogging","HRV_HTI","0.224334129478677","0.0207275662086575","0.410073870503363"
"Elgendi_et_al","jogging","HRV_SDRMSSD","0.215539797895466","-0.0495912957679059","0.452293363572707"
"Elgendi_et_al","jogging","HRV_pNN20","0.00187832705587324","-0.0840172189977802","0.0877461651901033"
"Elgendi_et_al","jogging","HRV_pNN50","0.0241261758419048","-0.00846081968664445","0.056661982299688"
"Elgendi_et_al","jogging","HRV_IQRNN","0.206175796786735","0.0362735759781019","0.364493914725737"
"Elgendi_et_al","jogging","HRV_LF","0.322171807513227","0.0108035642200182","0.576585888403579"
"Elgendi_et_al","jogging","HRV_HF","0.292094760506721","0.0800016399641901","0.478885253610426"
"Elgendi_et_al","jogging","HRV_LFHF","0.73250915471515","0.504533245388907","0.865000258749561"
"Elgendi_et_al","jogging","HRV_LFn","0.392200118755883","0.102690036838769","0.620453194258535"
"Elgendi_et_al","jogging","HRV_HFn","0.514606957721623","0.214010474479387","0.726172496747729"
"Elgendi_et_al","jogging","HRV_LnHF","0.360119062406475","0.0631034217671987","0.598532921016679"
"Elgendi_et_al","jogging","HRV_SD1","0.292939522552654","0.0901180909820955","0.472430192611326"
"Elgendi_et_al","jogging","HRV_SD2","0.477483580475155","0.192333542156226","0.688279951179562"
"Elgendi_et_al","jogging","HRV_SD1SD2","0.234195468632573","0.0153446699518722","0.431632932669463"
"Elgendi_et_al","jogging","HRV_SampEn","0.0125595307156092","-0.246586180298924","0.270028980692561"
"Elgendi_et_al","jogging","HRV_TP","0.32806042025316","0.094988161887176","0.527035057460524"
"Matched_filter","sitting","HRV_MeanNN","0.765846999184144","0.552929077391675","0.88487964143963"
"Matched_filter","sitting","HRV_SDNN","0.392872589763488","0.158683186370664","0.585209576455221"
"Matched_filter","sitting","HRV_RMSSD","0.139543559564618","-0.0414274458999879","0.311649443575764"
"Matched_filter","sitting","HRV_SDSD","0.140093264113612","-0.041121819095488","0.312385263496543"
"Matched_filter","sitting","HRV_CVSD","0.0175753486357033","-0.0954128954824602","0.130116484518429"
"Matched_filter","sitting","HRV_CVNN","0.162435808811582","-0.0342483406441316","0.347006797266776"
"Matched_filter","sitting","HRV_TINN","0.0704171946875281","-0.0392511958914484","0.178409326200391"
"Matched_filter","sitting","HRV_HTI","0.633615867247848","0.35115492658761","0.81037084384831"
"Matched_filter","sitting","HRV_SDRMSSD","-0.0830568547468467","-0.333615174607758","0.178461786587231"
"Matched_filter","sitting","HRV_pNN20","0.80211374937283","0.615363871937288","0.903603001439349"
"Matched_filter","sitting","HRV_pNN50","0.493748763739149","0.194035572974339","0.709155964096441"
"Matched_filter","sitting","HRV_IQRNN","0.640192520983154","0.374298125241962","0.808813187825219"
"Matched_filter","sitting","HRV_LF","0.838923793511294","0.670175217552221","0.9252019351853"
"Matched_filter","sitting","HRV_HF","0.750929352772053","0.565425452594634","0.864121666880274"
"Matched_filter","sitting","HRV_LFHF","0.917853287433783","0.825672768378169","0.962297327969262"
"Matched_filter","sitting","HRV_LFn","0.893763773283416","0.778900628805463","0.950611190494515"
"Matched_filter","sitting","HRV_HFn","0.910671563585292","0.809597110161936","0.95929795519359"
"Matched_filter","sitting","HRV_LnHF","0.824671283400007","0.687450224580038","0.905037499423011"
"Matched_filter","sitting","HRV_SD1","0.140093264113612","-0.041121819095488","0.312385263496543"
"Matched_filter","sitting","HRV_SD2","0.505688665669597","0.25806796944449","0.690966377940649"
"Matched_filter","sitting","HRV_SD1SD2","-0.0614953223526477","-0.224278262307825","0.104626123454718"
"Matched_filter","sitting","HRV_SampEn","0.270722066897915","0.001876378415771","0.503071035566193"
"Matched_filter","sitting","HRV_TP","0.799701660647877","0.60654702729151","0.903715512484716"
"Matched_filter","maths","HRV_MeanNN","0.99129749837509","0.981810808491206","0.995846713311989"
"Matched_filter","maths","HRV_SDNN","0.215985223360777","-0.00264649939523943","0.414910651622649"
"Matched_filter","maths","HRV_RMSSD","0.158065384508547","0.00646045694438895","0.302567304827764"
"Matched_filter","maths","HRV_SDSD","0.15840058839287","0.0066777584809556","0.3029945016154"
"Matched_filter","maths","HRV_CVSD","0.0701926429576777","-0.0538617631569436","0.192113238218251"
"Matched_filter","maths","HRV_CVNN","0.11439218099683","-0.0911325455407165","0.310570146429659"
"Matched_filter","maths","HRV_TINN","0.0854041474065993","0.00476693881454654","0.164937849396429"
"Matched_filter","maths","HRV_HTI","0.959345073058634","0.915049661057553","0.98077551584831"
"Matched_filter","maths","HRV_SDRMSSD","0.24852318680292","0.0410992142263817","0.435410769247967"
"Matched_filter","maths","HRV_pNN20","0.955483381703967","0.906082801021855","0.979182975652796"
"Matched_filter","maths","HRV_pNN50","0.79988196888875","0.622523415195226","0.899090730986021"
"Matched_filter","maths","HRV_IQRNN","0.985249268372152","0.970174751902965","0.992732805420263"
"Matched_filter","maths","HRV_LF","0.974084372397807","0.943408213179281","0.988232887087241"
"Matched_filter","maths","HRV_HF","0.802894654753263","0.617393536542096","0.903807220873872"
"Matched_filter","maths","HRV_LFHF","0.660231906091899","0.41178643301691","0.817319217946011"
"Matched_filter","maths","HRV_LFn","0.725491096843146","0.503245501356401","0.857716370298138"
"Matched_filter","maths","HRV_HFn","0.836115147979643","0.673225010339663","0.921612094404176"
"Matched_filter","maths","HRV_LnHF","0.896226381042793","0.782136886669732","0.952173422271731"
"Matched_filter","maths","HRV_SD1","0.15840058839287","0.0066777584809556","0.3029945016154"
"Matched_filter","maths","HRV_SD2","0.294610949108975","0.0368531009672337","0.515613490313528"
"Matched_filter","maths","HRV_SD1SD2","0.23162979371805","-0.0175430206011624","0.453713702245963"
"Matched_filter","maths","HRV_SampEn","0.332154009376153","0.0310204779056485","0.578006889332312"
"Matched_filter","maths","HRV_TP","0.896266624405848","0.780245045609227","0.952662372602941"
"Matched_filter","walking","HRV_MeanNN","0.996448529187277","0.992671081426934","0.998280696772939"
"Matched_filter","walking","HRV_SDNN","0.383856801978886","0.121881698925972","0.595831784313771"
"Matched_filter","walking","HRV_RMSSD","0.241002180724029","0.0794755996404069","0.39019672432001"
"Matched_filter","walking","HRV_SDSD","0.241196715221198","0.079618497742132","0.390424975473593"
"Matched_filter","walking","HRV_CVSD","0.218839325087681","0.0638624196115974","0.363509641766264"
"Matched_filter","walking","HRV_CVNN","0.2813587207862","0.0307054126272621","0.498718481238236"
"Matched_filter","walking","HRV_TINN","0.0269865214645432","-0.111983190681276","0.164920886580914"
"Matched_filter","walking","HRV_HTI","0.804169433331915","0.60601657014094","0.908349205610395"
"Matched_filter","walking","HRV_SDRMSSD","0.482310251167464","0.230348089841956","0.673665356377537"
"Matched_filter","walking","HRV_pNN20","0.942490113598304","0.878238726030385","0.973318746188812"
"Matched_filter","walking","HRV_pNN50","0.866456566767755","0.736947510897157","0.934604804990255"
"Matched_filter","walking","HRV_IQRNN","0.993366633412934","0.985114309354454","0.997050833586926"
"Matched_filter","walking","HRV_LF","0.985369560835108","0.967193565724873","0.993508602754815"
"Matched_filter","walking","HRV_HF","0.955673567794839","0.902402323647467","0.980171108747899"
"Matched_filter","walking","HRV_LFHF","0.958848732595551","0.916281945890545","0.979998171334556"
"Matched_filter","walking","HRV_LFn","0.97761536763308","0.950492050404197","0.989955487068645"
"Matched_filter","walking","HRV_HFn","0.977206134212017","0.950695175779376","0.989538728632202"
"Matched_filter","walking","HRV_LnHF","0.96377780760714","0.919967477903769","0.983808322418616"
"Matched_filter","walking","HRV_SD1","0.241196715221198","0.0796184977421319","0.390424975473593"
"Matched_filter","walking","HRV_SD2","0.502600590271933","0.227105381240106","0.70361486457188"
"Matched_filter","walking","HRV_SD1SD2","0.406334241251615","0.182695180940271","0.589993294587324"
"Matched_filter","walking","HRV_SampEn","0.350606836506994","0.0669412155007398","0.581833078002454"
"Matched_filter","walking","HRV_TP","0.973079318529201","0.940781419618188","0.987871975796017"
"Matched_filter","hand_bike","HRV_MeanNN","0.569721914767304","0.259055647045143","0.773557649495436"
"Matched_filter","hand_bike","HRV_SDNN","0.0793765412406281","-0.0353730057580463","0.19206032961966"
"Matched_filter","hand_bike","HRV_RMSSD","0.0551709792298144","-0.0144305665225045","0.124240453891073"
"Matched_filter","hand_bike","HRV_SDSD","0.0552817775220743","-0.0143627357784956","0.124392496949322"
"Matched_filter","hand_bike","HRV_CVSD","0.0265774960970343","-0.0356343776936973","0.0885841768113679"
"Matched_filter","hand_bike","HRV_CVNN","0.0267030968058672","-0.0778656066292679","0.13069065522605"
"Matched_filter","hand_bike","HRV_TINN","0.00311963812197785","-0.0899228513942611","0.0961081456295622"
"Matched_filter","hand_bike","HRV_HTI","0.479737809231023","0.143835296551755","0.716515738072798"
"Matched_filter","hand_bike","HRV_SDRMSSD","0.145246265406516","-0.0337290095677545","0.315195301499155"
"Matched_filter","hand_bike","HRV_pNN20","0.67387226750824","0.464447713289433","0.811920302699695"
"Matched_filter","hand_bike","HRV_pNN50","0.371976612801788","0.200278168383957","0.521507387164086"
"Matched_filter","hand_bike","HRV_IQRNN","0.214162354915396","0.0509412091507032","0.3662403898362"
"Matched_filter","hand_bike","HRV_LF","0.751357674327464","0.507769445544947","0.88370029962941"
"Matched_filter","hand_bike","HRV_HF","0.269048184545244","0.0383827680909585","0.472491639867691"
"Matched_filter","hand_bike","HRV_LFHF","0.767268530002109","0.546690365680878","0.888268090131076"
"Matched_filter","hand_bike","HRV_LFn","0.435677393722186","0.0921393688034361","0.686531133288014"
"Matched_filter","hand_bike","HRV_HFn","0.579499338895863","0.262935346258195","0.783417649578741"
"Matched_filter","hand_bike","HRV_LnHF","0.371169483071939","-0.00538477123453035","0.655534337611744"
"Matched_filter","hand_bike","HRV_SD1","0.0552817775220743","-0.0143627357784956","0.124392496949322"
"Matched_filter","hand_bike","HRV_SD2","0.106661894769761","-0.0423590469223883","0.251040272087857"
"Matched_filter","hand_bike","HRV_SD1SD2","0.123524233637845","-0.083591997226903","0.320410158798869"
"Matched_filter","hand_bike","HRV_SampEn","0.162232679185765","-0.140605201126325","0.437310661517315"
"Matched_filter","hand_bike","HRV_TP","0.36607443959675","0.0519027782505189","0.614310657948202"
"Matched_filter","jogging","HRV_MeanNN","0.988842597208369","0.975639881282057","0.994908137317954"
"Matched_filter","jogging","HRV_SDNN","0.520092968833324","0.204648339638448","0.737672957936068"
"Matched_filter","jogging","HRV_RMSSD","0.196087571121455","-0.033913857661688","0.40636348265428"
"Matched_filter","jogging","HRV_SDSD","0.195935626525016","-0.0339819550498481","0.406156535152604"
"Matched_filter","jogging","HRV_CVSD","0.209900065884329","-0.0155423160727282","0.41503368571627"
"Matched_filter","jogging","HRV_CVNN","0.524707663086553","0.220114625723079","0.736071693146152"
"Matched_filter","jogging","HRV_TINN","0.0767674290269176","-0.026877651506689","0.178779553683145"
"Matched_filter","jogging","HRV_HTI","0.371140014559301","0.132788650034274","0.568911300050817"
"Matched_filter","jogging","HRV_SDRMSSD","0.0692531465493164","-0.0162675475809433","0.15376792571099"
"Matched_filter","jogging","HRV_pNN20","0.00144892549224985","-0.0843359671450266","0.0872124979608608"
"Matched_filter","jogging","HRV_pNN50","0.0681104003407395","0.010938461294203","0.124838481607432"
"Matched_filter","jogging","HRV_IQRNN","0.885200250312891","0.778586173607632","0.942147867580303"
"Matched_filter","jogging","HRV_LF","0.264448255375188","-0.139076901851561","0.592658756402584"
"Matched_filter","jogging","HRV_HF","0.132974481966686","-0.226443332172938","0.460519718901015"
"Matched_filter","jogging","HRV_LFHF","0.354870105404065","0.0434427522522295","0.603439647790446"
"Matched_filter","jogging","HRV_LFn","0.376360195358688","0.126357202387462","0.581408996685532"
"Matched_filter","jogging","HRV_HFn","0.463139192635694","0.173060409606428","0.679282617706953"
"Matched_filter","jogging","HRV_LnHF","0.4577363372892","0.173479038860695","0.671591325333914"
"Matched_filter","jogging","HRV_SD1","0.195935626525016","-0.033981955049848","0.406156535152604"
"Matched_filter","jogging","HRV_SD2","0.766425757720867","0.537016715886022","0.89027695804719"
"Matched_filter","jogging","HRV_SD1SD2","0.206139233858661","0.0239686117215793","0.375060025589037"
"Matched_filter","jogging","HRV_SampEn","0.0320278536533213","-0.23342483946718","0.293037838375702"
"Matched_filter","jogging","HRV_TP","0.219746696873317","-0.158559691991779","0.541792041788518"
"Wavelet_transform","sitting","HRV_MeanNN","0.999826876411809","0.999617853086764","0.999921574498738"
"Wavelet_transform","sitting","HRV_SDNN","0.730959205164185","0.549902927817396","0.846401470633652"
"Wavelet_transform","sitting","HRV_RMSSD","0.212442044799273","0.0490458982613795","0.364763542387252"
"Wavelet_transform","sitting","HRV_SDSD","0.213283137380905","0.049634281541866","0.365779347189272"
"Wavelet_transform","sitting","HRV_CVSD","0.0806851162330164","-0.0436582550066888","0.202566865945557"
"Wavelet_transform","sitting","HRV_CVNN","0.615691593984267","0.406783739051627","0.763403254012982"
"Wavelet_transform","sitting","HRV_TINN","0.0677207508843807","-0.0931371737584311","0.225133351950491"
"Wavelet_transform","sitting","HRV_HTI","0.566160071084475","0.259423146042714","0.769139157242822"
"Wavelet_transform","sitting","HRV_SDRMSSD","0.0182222945206901","-0.0967251343100974","0.132690034462347"
"Wavelet_transform","sitting","HRV_pNN20","0.0633112256661522","-0.065178964959254","0.189736235990764"
"Wavelet_transform","sitting","HRV_pNN50","0.173543900506456","0.0286286543875127","0.31131434213258"
"Wavelet_transform","sitting","HRV_IQRNN","0.898837651839791","0.810587534054349","0.947170431030516"
"Wavelet_transform","sitting","HRV_LF","0.928677469654165","0.848245191713538","0.967235188085288"
"Wavelet_transform","sitting","HRV_HF","0.485395497505559","0.275292234423532","0.651244449591892"
"Wavelet_transform","sitting","HRV_LFHF","0.267672329334808","0.0518996402513271","0.459567874067937"
"Wavelet_transform","sitting","HRV_LFn","0.350199464515282","0.115452550274534","0.547897884086872"
"Wavelet_transform","sitting","HRV_HFn","0.627327865707551","0.37604945934847","0.792658959562336"
"Wavelet_transform","sitting","HRV_LnHF","0.503586610801557","0.239593514318074","0.698239438472915"
"Wavelet_transform","sitting","HRV_SD1","0.213283137380905","0.0496342815418661","0.365779347189272"
"Wavelet_transform","sitting","HRV_SD2","0.973082652590038","0.946536071174082","0.986539144065876"
"Wavelet_transform","sitting","HRV_SD1SD2","-0.0138888245464592","-0.100108217744801","0.0725375974526297"
"Wavelet_transform","sitting","HRV_SampEn","-0.0123013469347906","-0.178694872804021","0.154776252862658"
"Wavelet_transform","sitting","HRV_TP","0.690008916658267","0.486626139236367","0.822441293878286"
"Wavelet_transform","maths","HRV_MeanNN","0.999819412390449","0.999642591206652","0.999908758657561"
"Wavelet_transform","maths","HRV_SDNN","0.529891067927308","0.301380974894418","0.700840018129675"
"Wavelet_transform","maths","HRV_RMSSD","0.141181599214471","0.0287503207816853","0.250085259114156"
"Wavelet_transform","maths","HRV_SDSD","0.141604573929396","0.0290085864279346","0.250652077648258"
"Wavelet_transform","maths","HRV_CVSD","0.0055976473239857","-0.0608936434895807","0.0720394779805583"
"Wavelet_transform","maths","HRV_CVNN","0.42666552590443","0.218108258493008","0.597954319758844"
"Wavelet_transform","maths","HRV_TINN","0.17418439992314","-0.0133020823291389","0.34983911445979"
"Wavelet_transform","maths","HRV_HTI","0.659524599949223","0.412140295497746","0.816343529615726"
"Wavelet_transform","maths","HRV_SDRMSSD","0.091718857904112","-0.00436499141647964","0.186124650792337"
"Wavelet_transform","maths","HRV_pNN20","0.139638341471676","0.0164536767495335","0.258647365541247"
"Wavelet_transform","maths","HRV_pNN50","0.102002606019982","-0.00848774505404616","0.210032300177019"
"Wavelet_transform","maths","HRV_IQRNN","0.771170898322481","0.590188871930372","0.878341859120514"
"Wavelet_transform","maths","HRV_LF","0.978348637546608","0.951736880039787","0.990359441533159"
"Wavelet_transform","maths","HRV_HF","0.321085064397099","0.117397542808332","0.498848116563812"
"Wavelet_transform","maths","HRV_LFHF","0.245754390049508","0.0551463381961957","0.419080545061112"
"Wavelet_transform","maths","HRV_LFn","0.234680463202289","0.0521137028370279","0.402067845337812"
"Wavelet_transform","maths","HRV_HFn","0.530163833550653","0.269377495482765","0.718507847597091"
"Wavelet_transform","maths","HRV_LnHF","0.684875302616611","0.4745191753513","0.82123260064231"
"Wavelet_transform","maths","HRV_SD1","0.141604573929396","0.0290085864279346","0.250652077648258"
"Wavelet_transform","maths","HRV_SD2","0.863094936824277","0.733185257596169","0.932226148307118"
"Wavelet_transform","maths","HRV_SD1SD2","0.0805853316059815","-0.0415004698463429","0.200300149380626"
"Wavelet_transform","maths","HRV_SampEn","0.307466367843302","0.031679526088085","0.539747716283017"
"Wavelet_transform","maths","HRV_TP","0.610247962126909","0.413515474955038","0.752540891995946"
"Wavelet_transform","walking","HRV_MeanNN","0.999749111262886","0.999440002541384","0.999887607012381"
"Wavelet_transform","walking","HRV_SDNN","0.705624872326849","0.519874727577154","0.827660823143226"
"Wavelet_transform","walking","HRV_RMSSD","0.0829576674911946","-0.0251851606208887","0.189181363827133"
"Wavelet_transform","walking","HRV_SDSD","0.0832467694968219","-0.0250151599268415","0.189578700311527"
"Wavelet_transform","walking","HRV_CVSD","0.00869594591339706","-0.0784193871693593","0.0956794802376528"
"Wavelet_transform","walking","HRV_CVNN","0.570673907386961","0.358764577598153","0.726642144975492"
"Wavelet_transform","walking","HRV_TINN","0.111523223467925","-0.10966538473408","0.32218773509549"
"Wavelet_transform","walking","HRV_HTI","0.543834282299799","0.294013200641876","0.724101750623685"
"Wavelet_transform","walking","HRV_SDRMSSD","0.038528147705473","-0.0515450803292386","0.127979596261398"
"Wavelet_transform","walking","HRV_pNN20","0.0695190134558134","-0.0302031110020182","0.167870850771346"
"Wavelet_transform","walking","HRV_pNN50","0.0808504999352303","-0.0116294918762703","0.171959079632914"
"Wavelet_transform","walking","HRV_IQRNN","0.760401549637605","0.578004219743422","0.870435139937394"
"Wavelet_transform","walking","HRV_LF","0.815744840861674","0.632196650853995","0.912600154382268"
"Wavelet_transform","walking","HRV_HF","0.372256723768876","0.145745754942897","0.561683722270441"
"Wavelet_transform","walking","HRV_LFHF","0.30846363123824","0.102510506992104","0.489057900983094"
"Wavelet_transform","walking","HRV_LFn","0.360481236381585","0.142306741046413","0.545251409926916"
"Wavelet_transform","walking","HRV_HFn","0.567305433183213","0.318054750445457","0.743204254006677"
"Wavelet_transform","walking","HRV_LnHF","0.442877238504044","0.205557600340155","0.631002643344701"
"Wavelet_transform","walking","HRV_SD1","0.0832467694968218","-0.0250151599268416","0.189578700311527"
"Wavelet_transform","walking","HRV_SD2","0.941378320301786","0.883614336613899","0.970915825407203"
"Wavelet_transform","walking","HRV_SD1SD2","0.00897968172871926","-0.0909174406732826","0.108697886396619"
"Wavelet_transform","walking","HRV_SampEn","0.25744981018751","-0.00978191741759209","0.490358906968636"
"Wavelet_transform","walking","HRV_TP","0.541975380928847","0.285730866685741","0.725890443969416"
"Wavelet_transform","hand_bike","HRV_MeanNN","0.998935221741457","0.997680026411216","0.999511473984744"
"Wavelet_transform","hand_bike","HRV_SDNN","0.374441683062803","0.158775030818827","0.556002731478869"
"Wavelet_transform","hand_bike","HRV_RMSSD","0.0911591746442496","0.00860549686783122","0.172478652675847"
"Wavelet_transform","hand_bike","HRV_SDSD","0.0914269048866197","0.00877198789452585","0.172840976536552"
"Wavelet_transform","hand_bike","HRV_CVSD","0.0519024547805463","-0.011820085588534","0.115205135070204"
"Wavelet_transform","hand_bike","HRV_CVNN","0.342221048371407","0.148630992991272","0.510548875382597"
"Wavelet_transform","hand_bike","HRV_TINN","0.0619834034404308","-0.0429968052551424","0.165609810498854"
"Wavelet_transform","hand_bike","HRV_HTI","0.310829731344142","0.0823219827375297","0.508287897585667"
"Wavelet_transform","hand_bike","HRV_SDRMSSD","0.0456507723292527","-0.0184224262180704","0.10935055011695"
"Wavelet_transform","hand_bike","HRV_pNN20","0.0300165262254851","-0.00980131086580232","0.06973932485415"
"Wavelet_transform","hand_bike","HRV_pNN50","0.0335009751521834","-0.00621817193025875","0.0731145816657217"
"Wavelet_transform","hand_bike","HRV_IQRNN","0.619799540560311","0.423421900412832","0.760544294656314"
"Wavelet_transform","hand_bike","HRV_LF","0.791655169646855","0.580686206146945","0.902993587754029"
"Wavelet_transform","hand_bike","HRV_HF","0.368762595470065","0.168143164124141","0.540049287546345"
"Wavelet_transform","hand_bike","HRV_LFHF","0.328646568963279","0.115824715227813","0.512617262488123"
"Wavelet_transform","hand_bike","HRV_LFn","0.307265009671692","0.0998116105525616","0.489117667076733"
"Wavelet_transform","hand_bike","HRV_HFn","0.405927489520745","0.137195357730762","0.619001742480794"
"Wavelet_transform","hand_bike","HRV_LnHF","0.491059450865297","0.242987333344136","0.67884272876032"
"Wavelet_transform","hand_bike","HRV_SD1","0.0914269048866197","0.00877198789452585","0.172840976536552"
"Wavelet_transform","hand_bike","HRV_SD2","0.71517577179937","0.497127852176861","0.848259714468169"
"Wavelet_transform","hand_bike","HRV_SD1SD2","0.0493873513324596","-0.0456241946969875","0.143513389378544"
"Wavelet_transform","hand_bike","HRV_SampEn","0.0473798992678373","-0.0911117158761309","0.184073587248601"
"Wavelet_transform","hand_bike","HRV_TP","0.498908768754155","0.28736234583275","0.664045515319548"
"Wavelet_transform","jogging","HRV_MeanNN","0.996690123806544","0.992437048300325","0.998553191165262"
"Wavelet_transform","jogging","HRV_SDNN","0.678957516515514","0.466102962424788","0.817513705348182"
"Wavelet_transform","jogging","HRV_RMSSD","0.27889803119121","0.123437076742539","0.420997447159765"
"Wavelet_transform","jogging","HRV_SDSD","0.278720367638449","0.123318154546201","0.420779789449398"
"Wavelet_transform","jogging","HRV_CVSD","0.274108390599126","0.125349306267861","0.410813190540068"
"Wavelet_transform","jogging","HRV_CVNN","0.676307667538015","0.476980224215423","0.809469225588837"
"Wavelet_transform","jogging","HRV_TINN","-0.011321822813473","-0.0922380102474349","0.069742913509721"
"Wavelet_transform","jogging","HRV_HTI","0.0463748056622389","-0.0195388857942689","0.111887126362741"
"Wavelet_transform","jogging","HRV_SDRMSSD","0.0348255383476243","0.00861805178877677","0.060985215579819"
"Wavelet_transform","jogging","HRV_pNN20","0.00163898340969453","-0.00352029028137197","0.00679816984873728"
"Wavelet_transform","jogging","HRV_pNN50","0.0105772823292455","0.00265184498648838","0.018501390973818"
"Wavelet_transform","jogging","HRV_IQRNN","0.29179457546318","0.0850945248331072","0.474415259806552"
"Wavelet_transform","jogging","HRV_LF","0.395940136377497","0.0235183279354717","0.671860863480155"
"Wavelet_transform","jogging","HRV_HF","0.616207489980898","0.310261558787584","0.806488198176843"
"Wavelet_transform","jogging","HRV_LFHF","0.0162642731324197","-0.021992686144195","0.0544736704003464"
"Wavelet_transform","jogging","HRV_LFn","-0.016441359168905","-0.0932472781748652","0.0605590837690145"
"Wavelet_transform","jogging","HRV_HFn","0.128995083534529","-0.00441618790556516","0.257894712396112"
"Wavelet_transform","jogging","HRV_LnHF","0.33729377785299","0.153940700308911","0.498191108883422"
"Wavelet_transform","jogging","HRV_SD1","0.278720367638449","0.123318154546201","0.420779789449398"
"Wavelet_transform","jogging","HRV_SD2","0.890298581001856","0.772659224476673","0.948821947710062"
"Wavelet_transform","jogging","HRV_SD1SD2","0.176613003742744","0.0531873768010498","0.294723559566288"
"Wavelet_transform","jogging","HRV_SampEn","0.0184721301566014","-0.0101327018772192","0.047046754666723"
"Wavelet_transform","jogging","HRV_TP","0.578032605789604","0.251974629658601","0.786231905590042"
"Christov","sitting","HRV_MeanNN","0.382292693565229","0.0416291870915236","0.643327830258589"
"Christov","sitting","HRV_SDNN","0.375259535899278","0.145959754861406","0.566294918913288"
"Christov","sitting","HRV_RMSSD","0.173399241929689","0.0678715189548786","0.275090035647891"
"Christov","sitting","HRV_SDSD","0.173984703002184","0.0682942206252527","0.275813327467431"
"Christov","sitting","HRV_CVSD","0.0612264186379914","0.00266910535021766","0.119365278054747"
"Christov","sitting","HRV_CVNN","0.0936508348767046","-0.0432938149670968","0.227141166812873"
"Christov","sitting","HRV_TINN","0.100316532748965","-0.149115568772373","0.337745854749922"
"Christov","sitting","HRV_HTI","0.57288772803267","0.297518792252358","0.760258096995895"
"Christov","sitting","HRV_SDRMSSD","0.794541022119948","0.628767587905944","0.89123191441178"
"Christov","sitting","HRV_pNN20","0.823029101005508","0.670579063705852","0.908780369545012"
"Christov","sitting","HRV_pNN50","0.517396552489652","0.292068609237487","0.68830613273334"
"Christov","sitting","HRV_IQRNN","0.336935976084275","0.141261492470768","0.507273432386167"
"Christov","sitting","HRV_LF","0.732133028446407","0.487578071993668","0.870160512089549"
"Christov","sitting","HRV_HF","0.656722156221397","0.424808100246772","0.807746870079947"
"Christov","sitting","HRV_LFHF","0.893009181866841","0.782100493323509","0.949079452731868"
"Christov","sitting","HRV_LFn","0.729210798090213","0.509263114180634","0.859739561525854"
"Christov","sitting","HRV_HFn","0.851454200781109","0.703779406414165","0.928594154566572"
"Christov","sitting","HRV_LnHF","0.618250711452826","0.339421288986217","0.797205898489035"
"Christov","sitting","HRV_SD1","0.173984703002184","0.0682942206252529","0.275813327467431"
"Christov","sitting","HRV_SD2","0.653240819971914","0.361140751465646","0.828603809326374"
"Christov","sitting","HRV_SD1SD2","0.0653464211875854","0.016510041219973","0.113871756823912"
"Christov","sitting","HRV_SampEn","0.26286939618448","-0.0691069332563518","0.542431155775715"
"Christov","sitting","HRV_TP","0.702091786957746","0.452510584287011","0.849672825427149"
"Christov","maths","HRV_MeanNN","0.691979286163861","0.437887348648335","0.843699156521774"
"Christov","maths","HRV_SDNN","0.273330393618628","0.0345337315208141","0.482602735476907"
"Christov","maths","HRV_RMSSD","0.138462391995302","0.0311448339936023","0.242623878396276"
"Christov","maths","HRV_SDSD","0.138823684661986","0.031348739452539","0.243125101144304"
"Christov","maths","HRV_CVSD","0.0472715838977768","-0.0100008102631769","0.104234847518221"
"Christov","maths","HRV_CVNN","0.0967173656395587","-0.0587910046810093","0.247642917888039"
"Christov","maths","HRV_TINN","0.019510503837486","-0.151518952137674","0.189405691441754"
"Christov","maths","HRV_HTI","0.775742858583982","0.575098990292019","0.888355760975575"
"Christov","maths","HRV_SDRMSSD","0.685855006968564","0.421037452846438","0.842933167949152"
"Christov","maths","HRV_pNN20","0.862642407162633","0.716561386703517","0.936231816407573"
"Christov","maths","HRV_pNN50","0.661948832941699","0.443761866730062","0.806048235665644"
"Christov","maths","HRV_IQRNN","0.271335918526942","0.0534239770401106","0.464579729970502"
"Christov","maths","HRV_LF","0.749596595236817","0.514294662431707","0.87994317673991"
"Christov","maths","HRV_HF","0.825521058507688","0.657587855766435","0.915301281851627"
"Christov","maths","HRV_LFHF","0.956922257358945","0.905595977578118","0.980626784696701"
"Christov","maths","HRV_LFn","0.746784329410936","0.541004786816275","0.868198193442174"
"Christov","maths","HRV_HFn","0.858355565557398","0.709396723359467","0.933912314375281"
"Christov","maths","HRV_LnHF","0.808400809838145","0.614336740616907","0.910242189760219"
"Christov","maths","HRV_SD1","0.138823684661986","0.031348739452539","0.243125101144304"
"Christov","maths","HRV_SD2","0.467331649653824","0.110738017090956","0.717322642804959"
"Christov","maths","HRV_SD1SD2","0.058586329182612","-0.0212983604835653","0.137727680539691"
"Christov","maths","HRV_SampEn","0.62580081224139","0.343080604910131","0.804552336048843"
"Christov","maths","HRV_TP","0.757514342724367","0.533090155560235","0.882345546573553"
"Christov","walking","HRV_MeanNN","0.133420369409378","-0.190471730652204","0.431116959362716"
"Christov","walking","HRV_SDNN","0.399978443130944","0.166194359703466","0.59119176128724"
"Christov","walking","HRV_RMSSD","0.120266244407158","0.026566587626827","0.21187102963379"
"Christov","walking","HRV_SDSD","0.120584872928062","0.0267479276567644","0.212315270603048"
"Christov","walking","HRV_CVSD","0.0362681903475709","-0.012593226970344","0.0849568166713992"
"Christov","walking","HRV_CVNN","0.132037153082185","0.00877659823359967","0.251345328295192"
"Christov","walking","HRV_TINN","0.19626671198731","-0.182329669653537","0.524179087457743"
"Christov","walking","HRV_HTI","0.465657499310221","0.127093802642491","0.707038673466227"
"Christov","walking","HRV_SDRMSSD","0.543410182612116","0.235627248266887","0.75212281971363"
"Christov","walking","HRV_pNN20","0.620567417125802","0.387036819424103","0.779283956205412"
"Christov","walking","HRV_pNN50","0.281698801612192","0.121889343776194","0.427271688443369"
"Christov","walking","HRV_IQRNN","0.295175363663651","0.11369303992017","0.457595424614716"
"Christov","walking","HRV_LF","0.841574537610555","0.680535719405089","0.925055451325702"
"Christov","walking","HRV_HF","0.835877118060751","0.670482622795567","0.922125300073669"
"Christov","walking","HRV_LFHF","0.964020439026627","0.920919221785838","0.983828067805594"
"Christov","walking","HRV_LFn","0.932052586100548","0.854466788669798","0.968968434919221"
"Christov","walking","HRV_HFn","0.951720777312825","0.894468838064656","0.978269121396661"
"Christov","walking","HRV_LnHF","0.630995708881949","0.351732408097704","0.8071226458636"
"Christov","walking","HRV_SD1","0.120584872928062","0.0267479276567643","0.212315270603048"
"Christov","walking","HRV_SD2","0.688174527900946","0.423225539240308","0.844696540289214"
"Christov","walking","HRV_SD1SD2","0.0223559966223471","-0.0410717031329208","0.0856042360137151"
"Christov","walking","HRV_SampEn","0.562533782649556","0.268490382467298","0.760680589115191"
"Christov","walking","HRV_TP","0.807710420476984","0.623434951709794","0.906976229133996"
"Christov","hand_bike","HRV_MeanNN","0.0598023408312396","-0.26750149919708","0.374733306443867"
"Christov","hand_bike","HRV_SDNN","0.190409119849129","-0.00327162754779016","0.370320883072623"
"Christov","hand_bike","HRV_RMSSD","0.120002110654594","0.020866358101618","0.216801074606249"
"Christov","hand_bike","HRV_SDSD","0.120311588299373","0.0210424452971079","0.217231651778542"
"Christov","hand_bike","HRV_CVSD","0.0434623040435948","-0.0154496922634434","0.102073589655702"
"Christov","hand_bike","HRV_CVNN","0.0297441373474862","-0.0809240814618138","0.139687904676194"
"Christov","hand_bike","HRV_TINN","0.0664513151822797","-0.157480217022792","0.283883138142642"
"Christov","hand_bike","HRV_HTI","0.407838986401429","0.0345199650423686","0.681280027199859"
"Christov","hand_bike","HRV_SDRMSSD","0.665205420927665","0.41169613405115","0.823158142787709"
"Christov","hand_bike","HRV_pNN20","0.565210269300826","0.304442819347144","0.747163924638125"
"Christov","hand_bike","HRV_pNN50","0.299437739116449","0.146262578125288","0.438590730701673"
"Christov","hand_bike","HRV_IQRNN","0.194177556834566","-0.0168164719927421","0.388614998233621"
"Christov","hand_bike","HRV_LF","0.424429549187303","0.0433314339505338","0.697700815431713"
"Christov","hand_bike","HRV_HF","0.385767799376902","0.0449561519772042","0.646143835984072"
"Christov","hand_bike","HRV_LFHF","0.801637591387951","0.603154541486995","0.906630632329248"
"Christov","hand_bike","HRV_LFn","0.589242638694097","0.30773490503635","0.775893481835674"
"Christov","hand_bike","HRV_HFn","0.61830932467065","0.314880625847247","0.807071879805325"
"Christov","hand_bike","HRV_LnHF","0.358068706607339","-0.0338633204152143","0.654547530540717"
"Christov","hand_bike","HRV_SD1","0.120311588299373","0.0210424452971079","0.217231651778542"
"Christov","hand_bike","HRV_SD2","0.309016972053188","0.0382282334949965","0.537525866369219"
"Christov","hand_bike","HRV_SD1SD2","0.0884341738913626","-0.00895067196205469","0.184157260928292"
"Christov","hand_bike","HRV_SampEn","0.423749579796426","0.0740854567977764","0.680629248340719"
"Christov","hand_bike","HRV_TP","0.242583786446604","-0.124980219765048","0.551596010045669"
"Christov","jogging","HRV_MeanNN","0.880277941368377","0.75284812086801","0.944101074412677"
"Christov","jogging","HRV_SDNN","0.408152263860102","0.139682115755753","0.620724545347628"
"Christov","jogging","HRV_RMSSD","0.401404518925076","0.173558890574774","0.588462222924245"
"Christov","jogging","HRV_SDSD","0.401356538200049","0.173448815166432","0.588461635525592"
"Christov","jogging","HRV_CVSD","0.330313659346205","0.116121925612919","0.515148063076949"
"Christov","jogging","HRV_CVNN","0.262742320753883","0.0160345100397934","0.479294316108022"
"Christov","jogging","HRV_TINN","-0.0179553466509988","-0.145990567897822","0.110671470017577"
"Christov","jogging","HRV_HTI","0.178994643636899","-0.0499847394602147","0.39009675785974"
"Christov","jogging","HRV_SDRMSSD","0.127637660283946","-0.0811547142885692","0.325698646294021"
"Christov","jogging","HRV_pNN20","0.0583349553190746","-0.045351215712103","0.160777639883246"
"Christov","jogging","HRV_pNN50","0.0732447640810247","0.0179927355423534","0.128050808454888"
"Christov","jogging","HRV_IQRNN","0.137807299319296","-0.0439997692975988","0.310779186968495"
"Christov","jogging","HRV_LF","0.124429599949754","-0.235950766067317","0.454722175671055"
"Christov","jogging","HRV_HF","0.419068797193412","0.14917346230706","0.630851239100373"
"Christov","jogging","HRV_LFHF","0.204007137769165","-0.107393616536671","0.478956842253546"
"Christov","jogging","HRV_LFn","0.285788489039639","-0.0134711808225721","0.538059423461716"
"Christov","jogging","HRV_HFn","0.365844061565736","0.0627075157303094","0.607180410482598"
"Christov","jogging","HRV_LnHF","0.271999665733472","-0.0138930330164898","0.516781059905335"
"Christov","jogging","HRV_SD1","0.401356538200049","0.173448815166432","0.588461635525592"
"Christov","jogging","HRV_SD2","0.429998077280684","0.131031889145546","0.657273993638849"
"Christov","jogging","HRV_SD1SD2","0.428107403551957","0.172814036095779","0.629500445995303"
"Christov","jogging","HRV_SampEn","0.128690330139797","-0.100570601980357","0.344974020443055"
"Christov","jogging","HRV_TP","0.371112268689539","0.0638337449625937","0.614116744891408"
"Hamilton","sitting","HRV_MeanNN","0.990805250307237","0.981099000677154","0.995538265336536"
"Hamilton","sitting","HRV_SDNN","0.718868399663903","0.550222991253252","0.831166426157527"
"Hamilton","sitting","HRV_RMSSD","0.488923212480041","0.287855747901226","0.648706370261477"
"Hamilton","sitting","HRV_SDSD","0.48938521750802","0.288344835651161","0.649100780628157"
"Hamilton","sitting","HRV_CVSD","0.394691434581293","0.185723144712479","0.56950253428372"
"Hamilton","sitting","HRV_CVNN","0.666470299550128","0.458405365814593","0.805275231893158"
"Hamilton","sitting","HRV_TINN","0.161364397454911","-0.0577186842122783","0.365619636801248"
"Hamilton","sitting","HRV_HTI","0.82115033753122","0.641312638077625","0.915465455816345"
"Hamilton","sitting","HRV_SDRMSSD","0.0703857535574238","-0.0839047218868845","0.221380343071388"
"Hamilton","sitting","HRV_pNN20","0.609350165419174","0.38663000721897","0.764909680914609"
"Hamilton","sitting","HRV_pNN50","0.55851711918224","0.343011127772401","0.718167162340765"
"Hamilton","sitting","HRV_IQRNN","0.951491376537644","0.900632988320675","0.976639181145169"
"Hamilton","sitting","HRV_LF","0.968897663157801","0.932155651131116","0.985886891062556"
"Hamilton","sitting","HRV_HF","0.619885276007978","0.367749074976632","0.78712145445963"
"Hamilton","sitting","HRV_LFHF","0.739640156816141","0.549513950351973","0.856932980986712"
"Hamilton","sitting","HRV_LFn","0.717248905461869","0.506479138179985","0.847138160995071"
"Hamilton","sitting","HRV_HFn","0.870159649795243","0.745201553818939","0.936080379064647"
"Hamilton","sitting","HRV_LnHF","0.769181883406285","0.572771752372029","0.882066925083576"
"Hamilton","sitting","HRV_SD1","0.48938521750802","0.288344835651162","0.649100780628157"
"Hamilton","sitting","HRV_SD2","0.791228109969911","0.65569557497882","0.877361177978855"
"Hamilton","sitting","HRV_SD1SD2","0.119803509214743","-0.0413416045932115","0.274873932036776"
"Hamilton","sitting","HRV_SampEn","0.315177536589123","-0.0419469229513365","0.600889936657674"
"Hamilton","sitting","HRV_TP","0.722999941546929","0.489345639637728","0.859807240651631"
"Hamilton","maths","HRV_MeanNN","0.994914552609409","0.989701665830312","0.997492067857018"
"Hamilton","maths","HRV_SDNN","0.514997392547565","0.276164241888787","0.693926651444008"
"Hamilton","maths","HRV_RMSSD","0.353300204924135","0.169282565271256","0.51351451194447"
"Hamilton","maths","HRV_SDSD","0.353648643852874","0.169570100731291","0.513882824833125"
"Hamilton","maths","HRV_CVSD","0.216808807474778","0.0572022038963904","0.36560924026456"
"Hamilton","maths","HRV_CVNN","0.435809321694275","0.173889581199668","0.640143554570492"
"Hamilton","maths","HRV_TINN","0.11464961685305","-0.0368099314332546","0.260960182823436"
"Hamilton","maths","HRV_HTI","0.868516492448224","0.740221770224603","0.935789125965004"
"Hamilton","maths","HRV_SDRMSSD","0.194962743367973","0.0314363016603781","0.348324008051307"
"Hamilton","maths","HRV_pNN20","0.58477508141439","0.349430767930014","0.750711008680702"
"Hamilton","maths","HRV_pNN50","0.501401229764394","0.283068262499347","0.670327666402419"
"Hamilton","maths","HRV_IQRNN","0.96119316999792","0.919171159454393","0.981578111558227"
"Hamilton","maths","HRV_LF","0.966183718380149","0.925104662389317","0.984908115159689"
"Hamilton","maths","HRV_HF","0.479913864138439","0.314790261482852","0.616841777187481"
"Hamilton","maths","HRV_LFHF","0.751831752836033","0.575519489835064","0.861355397471622"
"Hamilton","maths","HRV_LFn","0.636385027514334","0.426129374347774","0.781414013743553"
"Hamilton","maths","HRV_HFn","0.769761163080242","0.590124732173308","0.876769486689547"
"Hamilton","maths","HRV_LnHF","0.874403094604425","0.765060055871443","0.934738537721953"
"Hamilton","maths","HRV_SD1","0.353648643852874","0.169570100731291","0.513882824833125"
"Hamilton","maths","HRV_SD2","0.611326074263728","0.370743848881711","0.775023623552071"
"Hamilton","maths","HRV_SD1SD2","0.351230124588313","0.128934939152056","0.539915237386638"
"Hamilton","maths","HRV_SampEn","0.457819331923092","0.0980747759567793","0.711742586898638"
"Hamilton","maths","HRV_TP","0.718021141642514","0.540530740961801","0.834321745113001"
"Hamilton","walking","HRV_MeanNN","0.968816875952581","0.932073839178059","0.985830406045127"
"Hamilton","walking","HRV_SDNN","0.333832296751062","0.0296439093664917","0.581428107652815"
"Hamilton","walking","HRV_RMSSD","0.10897900192052","-0.0795020918048626","0.289936824491797"
"Hamilton","walking","HRV_SDSD","0.109156382842607","-0.0793836782321509","0.290156512334776"
"Hamilton","walking","HRV_CVSD","0.0516927870573558","-0.120637426536872","0.22099849075402"
"Hamilton","walking","HRV_CVNN","0.196984234440016","-0.0944683703878276","0.457335659548702"
"Hamilton","walking","HRV_TINN","0.0587230449648987","-0.158077632829649","0.270122364417367"
"Hamilton","walking","HRV_HTI","0.701456093692319","0.466700684348828","0.843873534450842"
"Hamilton","walking","HRV_SDRMSSD","0.0792766645336627","-0.0859335663327951","0.240243754451685"
"Hamilton","walking","HRV_pNN20","0.37418061389178","0.159911287272282","0.554776577428505"
"Hamilton","walking","HRV_pNN50","0.274217435315818","0.0963586407341543","0.435106431861659"
"Hamilton","walking","HRV_IQRNN","0.786330056221631","0.592000368518538","0.894249129789364"
"Hamilton","walking","HRV_LF","0.981996140556339","0.960248223545915","0.991895119544154"
"Hamilton","walking","HRV_HF","0.524783090808183","0.259311945653079","0.716524446578617"
"Hamilton","walking","HRV_LFHF","0.624138969597127","0.403716198102129","0.776078093374743"
"Hamilton","walking","HRV_LFn","0.741347748080342","0.55781772094461","0.855756020713"
"Hamilton","walking","HRV_HFn","0.895724155334751","0.800138582687973","0.946942444666717"
"Hamilton","walking","HRV_LnHF","0.735755245450284","0.533556539722978","0.858396211541015"
"Hamilton","walking","HRV_SD1","0.109156382842607","-0.0793836782321507","0.290156512334776"
"Hamilton","walking","HRV_SD2","0.415139156703446","0.0952570707301162","0.657310010832113"
"Hamilton","walking","HRV_SD1SD2","0.0531665845359949","-0.136311808836763","0.238892396953719"
"Hamilton","walking","HRV_SampEn","0.260693020737176","-0.111633720550862","0.568838864133677"
"Hamilton","walking","HRV_TP","0.622487718142037","0.347964033020096","0.798691226478176"
"Hamilton","hand_bike","HRV_MeanNN","0.977990680556531","0.950713334661708","0.990247055499029"
"Hamilton","hand_bike","HRV_SDNN","0.2719449146079","0.0395833034631232","0.476403679471342"
"Hamilton","hand_bike","HRV_RMSSD","0.127816016203925","-0.0024141910549022","0.253783006905337"
"Hamilton","hand_bike","HRV_SDSD","0.128040702334546","-0.00228840642776626","0.254092722029607"
"Hamilton","hand_bike","HRV_CVSD","0.100293608006508","-0.0255185552573531","0.222978204968306"
"Hamilton","hand_bike","HRV_CVNN","0.23226730452715","-0.00259847378566771","0.442847908672267"
"Hamilton","hand_bike","HRV_TINN","0.0485074626865672","-0.0719423424324468","0.167562774225753"
"Hamilton","hand_bike","HRV_HTI","0.757547602483934","0.534750178702935","0.881864966710946"
"Hamilton","hand_bike","HRV_SDRMSSD","0.0962250871964701","-0.024203005411187","0.213900400085324"
"Hamilton","hand_bike","HRV_pNN20","0.127709496318549","-0.013901226744111","0.264297894999751"
"Hamilton","hand_bike","HRV_pNN50","0.188157871454208","0.052329036958691","0.317151271577156"
"Hamilton","hand_bike","HRV_IQRNN","0.679263918079676","0.426153697757007","0.833747562783199"
"Hamilton","hand_bike","HRV_LF","0.894270527788812","0.778011474022588","0.951310147512431"
"Hamilton","hand_bike","HRV_HF","0.315371574278553","0.0472852989360319","0.541077321774836"
"Hamilton","hand_bike","HRV_LFHF","0.592665507470956","0.382698952423619","0.744415875003489"
"Hamilton","hand_bike","HRV_LFn","0.563787223928837","0.310608819129514","0.742270367630844"
"Hamilton","hand_bike","HRV_HFn","0.696561948850096","0.471607139095626","0.836393232258262"
"Hamilton","hand_bike","HRV_LnHF","0.590974230971343","0.331208404092555","0.767468413961965"
"Hamilton","hand_bike","HRV_SD1","0.128040702334546","-0.00228840642776632","0.254092722029607"
"Hamilton","hand_bike","HRV_SD2","0.3957201364187","0.120850432766555","0.614228984122605"
"Hamilton","hand_bike","HRV_SD1SD2","0.153858047640681","0.00293960578651021","0.297923851034469"
"Hamilton","hand_bike","HRV_SampEn","0.292654969397839","-0.0791369489834935","0.592972213213843"
"Hamilton","hand_bike","HRV_TP","0.434722165485669","0.118792197467518","0.670721450150464"
"Hamilton","jogging","HRV_MeanNN","0.985280458527877","0.968477584614472","0.993157772797531"
"Hamilton","jogging","HRV_SDNN","0.448272075527911","0.139991787111963","0.677324600058643"
"Hamilton","jogging","HRV_RMSSD","0.264515219409329","0.065198778073629","0.44353489665145"
"Hamilton","jogging","HRV_SDSD","0.264401380080107","0.0651536877902503","0.443374615212812"
"Hamilton","jogging","HRV_CVSD","0.261260105137628","0.0660940319175052","0.437172742406648"
"Hamilton","jogging","HRV_CVNN","0.456893054277684","0.153977229248152","0.68130388349062"
"Hamilton","jogging","HRV_TINN","0.0287026406429391","-0.106807131192466","0.16316556609624"
"Hamilton","jogging","HRV_HTI","0.101725173835435","-0.00498112526678887","0.206140963067889"
"Hamilton","jogging","HRV_SDRMSSD","0.0386556326240759","0.00291256575863051","0.0743000543704578"
"Hamilton","jogging","HRV_pNN20","-0.00114705380646432","-0.0174604551899015","0.0151669581247509"
"Hamilton","jogging","HRV_pNN50","0.0231256911100414","0.0010207329653415","0.0452080604940164"
"Hamilton","jogging","HRV_IQRNN","0.621913870021562","0.39400848410794","0.777771057192842"
"Hamilton","jogging","HRV_LF","0.449037566473018","0.171448501202396","0.660573021234031"
"Hamilton","jogging","HRV_HF","0.290937327914014","0.0490108053045073","0.500617504080327"
"Hamilton","jogging","HRV_LFHF","0.0918531529998647","0.00348091186081074","0.178801812067243"
"Hamilton","jogging","HRV_LFn","0.10182162797895","-0.0291696010183888","0.229374672370125"
"Hamilton","jogging","HRV_HFn","0.305043552428315","0.0787771109942453","0.501420419803708"
"Hamilton","jogging","HRV_LnHF","0.368427542410155","0.135311470463412","0.562893342947793"
"Hamilton","jogging","HRV_SD1","0.264401380080107","0.0651536877902503","0.443374615212812"
"Hamilton","jogging","HRV_SD2","0.652814756175734","0.363384419546937","0.827324437537344"
"Hamilton","jogging","HRV_SD1SD2","0.202872489361354","0.0474069568401023","0.348741726774321"
"Hamilton","jogging","HRV_SampEn","0.00152886793674238","-0.0600707210873758","0.0631168565113343"
"Hamilton","jogging","HRV_TP","0.353985670985512","0.0989420126605431","0.565389183995238"
"Pan_Tompkins","sitting","HRV_MeanNN","0.731094539511782","0.485466691980866","0.869746381949916"
"Pan_Tompkins","sitting","HRV_SDNN","0.4667934265943","0.244556755353425","0.642435585770662"
"Pan_Tompkins","sitting","HRV_RMSSD","0.179028359411237","0.0495032812463572","0.302631253221956"
"Pan_Tompkins","sitting","HRV_SDSD","0.179472624327545","0.0497904715718126","0.303203560202707"
"Pan_Tompkins","sitting","HRV_CVSD","0.0861411027858701","-0.010613665818078","0.181297834048183"
"Pan_Tompkins","sitting","HRV_CVNN","0.228661449582661","0.0263227406987284","0.413001340707371"
"Pan_Tompkins","sitting","HRV_TINN","0.136039445435028","-0.0270470308769333","0.292071843769785"
"Pan_Tompkins","sitting","HRV_HTI","0.539740348226418","0.237308297466282","0.746790216048155"
"Pan_Tompkins","sitting","HRV_SDRMSSD","-0.0444591557483082","-0.141175581086167","0.053097908424551"
"Pan_Tompkins","sitting","HRV_pNN20","0.258823238277969","0.0555811458105316","0.441469847438305"
"Pan_Tompkins","sitting","HRV_pNN50","0.139813978198805","-0.00110003004254972","0.275283583461398"
"Pan_Tompkins","sitting","HRV_IQRNN","0.368252281883916","0.161245775183669","0.544221347764905"
"Pan_Tompkins","sitting","HRV_LF","0.931803434060116","0.852340419086245","0.96921414193809"
"Pan_Tompkins","sitting","HRV_HF","0.222815094430339","0.0296517128445705","0.3999355704762"
"Pan_Tompkins","sitting","HRV_LFHF","0.13645645664976","-0.101524299540692","0.359665186923721"
"Pan_Tompkins","sitting","HRV_LFn","0.178730131897768","-0.0270509599323006","0.369979007396086"
"Pan_Tompkins","sitting","HRV_HFn","0.383172649790137","0.0955874563604793","0.611720355177457"
"Pan_Tompkins","sitting","HRV_LnHF","0.285824855557784","0.0193669568885659","0.514373092099476"
"Pan_Tompkins","sitting","HRV_SD1","0.179472624327545","0.0497904715718127","0.303203560202707"
"Pan_Tompkins","sitting","HRV_SD2","0.794663486436918","0.634094838975591","0.889533730966174"
"Pan_Tompkins","sitting","HRV_SD1SD2","-0.0126602063370952","-0.0841158752238024","0.0589250014998804"
"Pan_Tompkins","sitting","HRV_SampEn","0.124014480056047","-0.204174455464071","0.427143211869751"
"Pan_Tompkins","sitting","HRV_TP","0.443180094566516","0.195753636782479","0.637558531812764"
"Pan_Tompkins","maths","HRV_MeanNN","0.737190795183779","0.492930435625516","0.873739543379624"
"Pan_Tompkins","maths","HRV_SDNN","0.399017144696653","0.1653054110631","0.590297485605134"
"Pan_Tompkins","maths","HRV_RMSSD","0.122813195604208","0.0130531194293311","0.229648875991734"
"Pan_Tompkins","maths","HRV_SDSD","0.123129994410882","0.0132520383090434","0.230069770120741"
"Pan_Tompkins","maths","HRV_CVSD","0.0451292020752277","-0.025730033304716","0.115537214069598"
"Pan_Tompkins","maths","HRV_CVNN","0.145104074527912","-0.0484698169033506","0.328172584567878"
"Pan_Tompkins","maths","HRV_TINN","0.172089874670629","-0.0238952778397434","0.35533701711079"
"Pan_Tompkins","maths","HRV_HTI","0.668930471201895","0.465735575933538","0.805119954079448"
"Pan_Tompkins","maths","HRV_SDRMSSD","0.0322688724057707","-0.0601638144775933","0.124152863444021"
"Pan_Tompkins","maths","HRV_pNN20","0.22880232020361","0.043434424634014","0.398940912424583"
"Pan_Tompkins","maths","HRV_pNN50","0.119188962017386","-0.000659518847675527","0.235661946823676"
"Pan_Tompkins","maths","HRV_IQRNN","0.34834560655665","0.0990934646705074","0.556466146510586"
"Pan_Tompkins","maths","HRV_LF","0.959703454425979","0.91106182194236","0.98199291046504"
"Pan_Tompkins","maths","HRV_HF","0.38299255389844","0.180648763832759","0.554233046849877"
"Pan_Tompkins","maths","HRV_LFHF","0.15433366223787","-0.0122986193850469","0.312625705197227"
"Pan_Tompkins","maths","HRV_LFn","0.235513500655469","0.0565440749674366","0.399818716008866"
"Pan_Tompkins","maths","HRV_HFn","0.517019722779091","0.283624868579741","0.692585363558107"
"Pan_Tompkins","maths","HRV_LnHF","0.583002833236525","0.348135251660506","0.749002587070168"
"Pan_Tompkins","maths","HRV_SD1","0.123129994410883","0.0132520383090434","0.230069770120741"
"Pan_Tompkins","maths","HRV_SD2","0.866788303102876","0.747061375687628","0.932047507640873"
"Pan_Tompkins","maths","HRV_SD1SD2","0.0896652302410044","-0.0206173118171759","0.197792014846055"
"Pan_Tompkins","maths","HRV_SampEn","0.447367998270042","0.140019798868371","0.67608309413062"
"Pan_Tompkins","maths","HRV_TP","0.621896878700279","0.41707741021445","0.766602794720293"
"Pan_Tompkins","walking","HRV_MeanNN","0.942916328375749","0.878523095634067","0.9736543138981"
"Pan_Tompkins","walking","HRV_SDNN","0.341470126841915","0.103333348870822","0.542582254978252"
"Pan_Tompkins","walking","HRV_RMSSD","0.0566322362879652","-0.0274012805906725","0.139870937074055"
"Pan_Tompkins","walking","HRV_SDSD","0.0567675921193397","-0.027327235982842","0.140064552838487"
"Pan_Tompkins","walking","HRV_CVSD","0.0114405971394444","-0.0588787849949133","0.0816470029803192"
"Pan_Tompkins","walking","HRV_CVNN","0.198503634332664","-0.0167434273943658","0.396166598635962"
"Pan_Tompkins","walking","HRV_TINN","0.198705923775332","-0.0170116620558014","0.396747727067329"
"Pan_Tompkins","walking","HRV_HTI","0.550540346632926","0.315062496587104","0.722165808566117"
"Pan_Tompkins","walking","HRV_SDRMSSD","-0.00180138595897247","-0.0772508354049977","0.0736685783395094"
"Pan_Tompkins","walking","HRV_pNN20","0.0785358884637649","-0.00496652276371681","0.160950649721896"
"Pan_Tompkins","walking","HRV_pNN50","0.0163223073066611","-0.0330473495667209","0.0656125042958626"
"Pan_Tompkins","walking","HRV_IQRNN","0.46044015654571","0.207810318483103","0.655486065782909"
"Pan_Tompkins","walking","HRV_LF","0.63659139773495","0.337275758142105","0.819018149067524"
"Pan_Tompkins","walking","HRV_HF","0.135835120534253","-0.0169762700188212","0.282445663008359"
"Pan_Tompkins","walking","HRV_LFHF","0.132967146700631","-0.0277725225764754","0.287003824186122"
"Pan_Tompkins","walking","HRV_LFn","0.162718475368163","0.00249579536920796","0.314795814251699"
"Pan_Tompkins","walking","HRV_HFn","0.340650975996115","0.104935660606298","0.540126481370452"
"Pan_Tompkins","walking","HRV_LnHF","0.188539971551463","0.00864140666864578","0.356616627575396"
"Pan_Tompkins","walking","HRV_SD1","0.0567675921193397","-0.027327235982842","0.140064552838487"
"Pan_Tompkins","walking","HRV_SD2","0.517509450002011","0.250821015343574","0.711184079757657"
"Pan_Tompkins","walking","HRV_SD1SD2","-0.0256056699594174","-0.102789969960814","0.0518851297679463"
"Pan_Tompkins","walking","HRV_SampEn","0.137931543030162","-0.151422749585085","0.405512691735987"
"Pan_Tompkins","walking","HRV_TP","0.260981393642784","0.0230431842163652","0.470938191470335"
"Pan_Tompkins","hand_bike","HRV_MeanNN","0.66117349915476","0.369401737610734","0.834282252307389"
"Pan_Tompkins","hand_bike","HRV_SDNN","0.205288201749908","0.0179297111113483","0.378718588668599"
"Pan_Tompkins","hand_bike","HRV_RMSSD","0.0867855213043487","0.00535800133524826","0.167069736507289"
"Pan_Tompkins","hand_bike","HRV_SDSD","0.0869685878175473","0.00549874113941864","0.167291532726806"
"Pan_Tompkins","hand_bike","HRV_CVSD","0.0416952370899327","-0.0350409552042115","0.117942667225332"
"Pan_Tompkins","hand_bike","HRV_CVNN","0.0727268652409859","-0.0973585750771337","0.238684748783237"
"Pan_Tompkins","hand_bike","HRV_TINN","0.124851173818804","0.000552566421238925","0.245350541675152"
"Pan_Tompkins","hand_bike","HRV_HTI","0.309398483126316","0.0324959125222576","0.542190382563543"
"Pan_Tompkins","hand_bike","HRV_SDRMSSD","0.0385980332021616","-0.0149398792183451","0.091915261207603"
"Pan_Tompkins","hand_bike","HRV_pNN20","0.101713527275036","0.0217239607698378","0.180409168520805"
"Pan_Tompkins","hand_bike","HRV_pNN50","0.0572823835688493","0.00751378716710748","0.106767898175095"
"Pan_Tompkins","hand_bike","HRV_IQRNN","0.199626120466185","-0.00819799880069664","0.390919074576118"
"Pan_Tompkins","hand_bike","HRV_LF","0.859680067527089","0.712558293782826","0.934385346977609"
"Pan_Tompkins","hand_bike","HRV_HF","0.187088326288641","-0.00812329612430211","0.368563537810892"
"Pan_Tompkins","hand_bike","HRV_LFHF","0.186744439026042","0.058712188155826","0.308732605616751"
"Pan_Tompkins","hand_bike","HRV_LFn","0.148078256037589","-0.00942814306743448","0.298414760993262"
"Pan_Tompkins","hand_bike","HRV_HFn","0.205956918089339","-0.0237582778858132","0.415014239868724"
"Pan_Tompkins","hand_bike","HRV_LnHF","0.29512165339143","0.0929904128858065","0.473889820865397"
"Pan_Tompkins","hand_bike","HRV_SD1","0.0869685878175473","0.00549874113941864","0.167291532726806"
"Pan_Tompkins","hand_bike","HRV_SD2","0.370589171170335","0.105449017110628","0.586536242712758"
"Pan_Tompkins","hand_bike","HRV_SD1SD2","0.0535352823534214","-0.029122480271481","0.13546585777054"
"Pan_Tompkins","hand_bike","HRV_SampEn","-0.100712250811226","-0.351484440200546","0.16354477670804"
"Pan_Tompkins","hand_bike","HRV_TP","0.441521466747008","0.203934739772655","0.629992434996668"
"Pan_Tompkins","jogging","HRV_MeanNN","0.994306891044721","0.987009223379151","0.997510175251857"
"Pan_Tompkins","jogging","HRV_SDNN","0.533700418771545","0.291909424146309","0.711373027772991"
"Pan_Tompkins","jogging","HRV_RMSSD","0.165673497438602","0.0422447150254542","0.284121313842511"
"Pan_Tompkins","jogging","HRV_SDSD","0.165608010361417","0.0422307870180881","0.284010338688042"
"Pan_Tompkins","jogging","HRV_CVSD","0.166728876726985","0.0506062274807627","0.278403611711063"
"Pan_Tompkins","jogging","HRV_CVNN","0.521632618536945","0.296868705980611","0.69163219843692"
"Pan_Tompkins","jogging","HRV_TINN","0.0104954468282142","-0.0578816889168469","0.0787745709422303"
"Pan_Tompkins","jogging","HRV_HTI","0.0501193326505804","-0.00330837422302079","0.103261717597324"
"Pan_Tompkins","jogging","HRV_SDRMSSD","0.0257918828357438","0.00459841493921769","0.0469621911218487"
"Pan_Tompkins","jogging","HRV_pNN20","0.00388532915787343","-0.0033456494523908","0.0111159014800208"
"Pan_Tompkins","jogging","HRV_pNN50","0.00557471408022269","-0.00202168592610008","0.013170470740021"
"Pan_Tompkins","jogging","HRV_IQRNN","0.243234805036142","0.0759420522717169","0.397208738208629"
"Pan_Tompkins","jogging","HRV_LF","0.647528448793011","0.344402528959537","0.82838978623397"
"Pan_Tompkins","jogging","HRV_HF","0.631858938610077","0.331379251024204","0.815967972716464"
"Pan_Tompkins","jogging","HRV_LFHF","-0.0113322478710767","-0.0663718271700467","0.0437760848332974"
"Pan_Tompkins","jogging","HRV_LFn","-0.0511811408584877","-0.131119269510918","0.0294182363739299"
"Pan_Tompkins","jogging","HRV_HFn","0.0268791835913173","-0.131211294018793","0.183636467059766"
"Pan_Tompkins","jogging","HRV_LnHF","0.277731140000176","0.112133573060705","0.428319380202139"
"Pan_Tompkins","jogging","HRV_SD1","0.165608010361417","0.0422307870180882","0.284010338688042"
"Pan_Tompkins","jogging","HRV_SD2","0.83850977775143","0.681357435571144","0.921762225310081"
"Pan_Tompkins","jogging","HRV_SD1SD2","0.107256910707018","0.00993642400106096","0.202564543128151"
"Pan_Tompkins","jogging","HRV_SampEn","0.0468615316152185","0.0055631677528847","0.0880003128897431"
"Pan_Tompkins","jogging","HRV_TP","0.69547799945215","0.431024674873128","0.849908221718728"
"WQRS","sitting","HRV_MeanNN","0.171060689987598","-0.160864849580345","0.468223547756145"
"WQRS","sitting","HRV_SDNN","0.00182771502580832","-0.0491164053659458","0.0527623502021883"
"WQRS","sitting","HRV_RMSSD","0.0258706102489584","-0.0150361617382137","0.0666909254676868"
"WQRS","sitting","HRV_SDSD","0.0260566039603564","-0.0150185410813495","0.0670439536119477"
"WQRS","sitting","HRV_CVSD","0.0119216497595784","-0.0139762568726958","0.0378035722517941"
"WQRS","sitting","HRV_CVNN","-0.00773381997279726","-0.0411690377633236","0.0257186992882343"
"WQRS","sitting","HRV_TINN","0.161448384685657","-0.125588838458962","0.423543605919113"
"WQRS","sitting","HRV_HTI","0.159122097978414","-0.126980271558078","0.420781384928746"
"WQRS","sitting","HRV_SDRMSSD","0.306963402962314","0.0268385332413802","0.542388836334739"
"WQRS","sitting","HRV_pNN20","0.82129176079204","0.682266327407391","0.902993907099827"
"WQRS","sitting","HRV_pNN50","0.488758016330082","0.293583456541987","0.644814442171292"
"WQRS","sitting","HRV_IQRNN","0.618089230365043","0.398112868956425","0.770846278519441"
"WQRS","sitting","HRV_LF","0.547079851543189","0.244393509315713","0.752618473955174"
"WQRS","sitting","HRV_HF","0.464336205715284","0.150749238796853","0.693020153257054"
"WQRS","sitting","HRV_LFHF","0.797053480026126","0.604856443299678","0.901503752303106"
"WQRS","sitting","HRV_LFn","0.532282356866874","0.263522728592567","0.724360376575545"
"WQRS","sitting","HRV_HFn","0.648403540292968","0.395769627111702","0.809802705815452"
"WQRS","sitting","HRV_LnHF","0.666981207001265","0.411699718034034","0.825204267947952"
"WQRS","sitting","HRV_SD1","0.0260566039603564","-0.0150185410813494","0.0670439536119479"
"WQRS","sitting","HRV_SD2","-0.00555867694798723","-0.103816808825408","0.0928069099076156"
"WQRS","sitting","HRV_SD1SD2","0.0700095315246833","-0.0239967451528148","0.162788573132515"
"WQRS","sitting","HRV_SampEn","-0.033281765042305","-0.232720025167133","0.16884273692545"
"WQRS","sitting","HRV_TP","0.553010351649884","0.223617254130309","0.769032083518079"
"WQRS","maths","HRV_MeanNN","0.464519396540834","0.117809573627318","0.710284873292403"
"WQRS","maths","HRV_SDNN","0.00190181997737627","-0.04748795439641","0.0512823176519276"
"WQRS","maths","HRV_RMSSD","0.00320530925696438","-0.036767540515322","0.0431679184778202"
"WQRS","maths","HRV_SDSD","0.00325644309378457","-0.0368655563560811","0.0433679608911395"
"WQRS","maths","HRV_CVSD","0.00363728344343963","-0.0241940233701468","0.0314629565771503"
"WQRS","maths","HRV_CVNN","-6.65176601136338e-05","-0.0401900115322843","0.0400571903860662"
"WQRS","maths","HRV_TINN","-0.044401589256256","-0.275698424913302","0.191755469330483"
"WQRS","maths","HRV_HTI","0.544062351528402","0.241363026263408","0.750279875650167"
"WQRS","maths","HRV_SDRMSSD","0.482905495723518","0.182214931300434","0.700998077437609"
"WQRS","maths","HRV_pNN20","0.905860418405112","0.807459984407923","0.955217824999071"
"WQRS","maths","HRV_pNN50","0.556375549723313","0.357861154265503","0.706772782586005"
"WQRS","maths","HRV_IQRNN","0.774252430214014","0.598599153737651","0.878864324577916"
"WQRS","maths","HRV_LF","0.702917717580424","0.435897452915733","0.856200792109984"
"WQRS","maths","HRV_HF","0.429501315492909","0.153951949300464","0.643066025782052"
"WQRS","maths","HRV_LFHF","0.662921153370588","0.464856290603625","0.797798115266936"
"WQRS","maths","HRV_LFn","0.685207040131594","0.462298052797733","0.82666119872588"
"WQRS","maths","HRV_HFn","0.816753698394463","0.636062278069337","0.912529957762495"
"WQRS","maths","HRV_LnHF","0.647450163085377","0.359014141704771","0.822997995752057"
"WQRS","maths","HRV_SD1","0.00325644309378457","-0.0368655563560811","0.0433679608911395"
"WQRS","maths","HRV_SD2","0.0216146058069125","-0.0759603319412857","0.118779501940625"
"WQRS","maths","HRV_SD1SD2","0.136009459590296","-0.0296001073106736","0.294351448636321"
"WQRS","maths","HRV_SampEn","0.160921623709809","-0.0904041777828251","0.39297796746047"
"WQRS","maths","HRV_TP","0.538983603541116","0.236026823173139","0.746446388395999"
"WQRS","walking","HRV_MeanNN","0.241229891570391","-0.134259178553288","0.556144591034733"
"WQRS","walking","HRV_SDNN","0.0127451998649822","-0.0402017212799614","0.065620746559009"
"WQRS","walking","HRV_RMSSD","0.0271511725742879","-0.0065374313817648","0.0607782148388934"
"WQRS","walking","HRV_SDSD","0.0272843592081677","-0.0065169216320469","0.0610233623457841"
"WQRS","walking","HRV_CVSD","0.0219777503469434","-0.00870066872338439","0.0526148357937787"
"WQRS","walking","HRV_CVNN","0.00562559331347624","-0.0392689383002421","0.0504974586789026"
"WQRS","walking","HRV_TINN","0.108022866154149","-0.23478960423882","0.426936695221102"
"WQRS","walking","HRV_HTI","0.414817271530439","0.0593280051359805","0.676934469002105"
"WQRS","walking","HRV_SDRMSSD","0.383567696287352","0.108898785429102","0.60382153508376"
"WQRS","walking","HRV_pNN20","0.81655187134158","0.679456975569007","0.89855365774992"
"WQRS","walking","HRV_pNN50","0.456452153588674","0.30823995002348","0.583030471111021"
"WQRS","walking","HRV_IQRNN","0.410511501180866","0.18671412629065","0.593804326235021"
"WQRS","walking","HRV_LF","0.625558951911494","0.320193573018862","0.813167771008604"
"WQRS","walking","HRV_HF","0.456320359710159","0.131903169270261","0.69244189873188"
"WQRS","walking","HRV_LFHF","0.927195518399632","0.844398929826911","0.966730083082509"
"WQRS","walking","HRV_LFn","0.807243952841576","0.615073102859845","0.908887748435621"
"WQRS","walking","HRV_HFn","0.869453905690996","0.7280733655371","0.939884757560798"
"WQRS","walking","HRV_LnHF","0.503879179828331","0.165367965439212","0.736177853028085"
"WQRS","walking","HRV_SD1","0.0272843592081677","-0.0065169216320469","0.0610233623457841"
"WQRS","walking","HRV_SD2","0.0297164806372794","-0.0730675763122986","0.131875918428179"
"WQRS","walking","HRV_SD1SD2","0.0814369494441231","-0.0457941939153385","0.206068163303871"
"WQRS","walking","HRV_SampEn","-0.0858789867996288","-0.278495767372105","0.113378915805669"
"WQRS","walking","HRV_TP","0.42589799923825","0.0765408106374674","0.682115221276764"
"WQRS","hand_bike","HRV_MeanNN","0.230245443718212","-0.13763325523888","0.54230107781702"
"WQRS","hand_bike","HRV_SDNN","0.0011658458955156","-0.0441141005974845","0.0464410122806807"
"WQRS","hand_bike","HRV_RMSSD","0.0268179159498419","-0.00944706574597834","0.0630124449086185"
"WQRS","hand_bike","HRV_SDSD","0.0269598985174538","-0.00941519969434499","0.0632637408355794"
"WQRS","hand_bike","HRV_CVSD","0.0125757046972962","-0.0173582166010361","0.0424871027310064"
"WQRS","hand_bike","HRV_CVNN","-0.0103814767789174","-0.0484674001682028","0.0277345911407762"
"WQRS","hand_bike","HRV_TINN","0.0438164822176856","-0.210408691183506","0.292490904319428"
"WQRS","hand_bike","HRV_HTI","0.35476628356232","0.00677274637779833","0.626114031431474"
"WQRS","hand_bike","HRV_SDRMSSD","0.238037958425301","0.0331232089758133","0.423747606591748"
"WQRS","hand_bike","HRV_pNN20","0.649310840346036","0.429837986597478","0.796335363275625"
"WQRS","hand_bike","HRV_pNN50","0.328435834642449","0.182982732126579","0.459818327299297"
"WQRS","hand_bike","HRV_IQRNN","0.164688645246241","-0.0283696187677411","0.345902453500899"
"WQRS","hand_bike","HRV_LF","0.355984694138735","-0.0439190973991771","0.657563023322195"
"WQRS","hand_bike","HRV_HF","0.134531079968023","-0.0668352164819808","0.325367281262857"
"WQRS","hand_bike","HRV_LFHF","0.724795486959387","0.475289923941769","0.866402259663806"
"WQRS","hand_bike","HRV_LFn","0.476873665686223","0.16627907493777","0.701385447391251"
"WQRS","hand_bike","HRV_HFn","0.402589611960459","0.0605964443829956","0.6599925649344"
"WQRS","hand_bike","HRV_LnHF","0.380608184467396","0.0325693939597929","0.646324548278939"
"WQRS","hand_bike","HRV_SD1","0.0269598985174538","-0.00941519969434499","0.0632637408355794"
"WQRS","hand_bike","HRV_SD2","0.0080125410318422","-0.0760439516589514","0.0919559536624387"
"WQRS","hand_bike","HRV_SD1SD2","0.115508071084101","-0.035239093325784","0.261115869768772"
"WQRS","hand_bike","HRV_SampEn","0.0148354786274411","-0.1675218220879","0.19621119089422"
"WQRS","hand_bike","HRV_TP","0.134087449119982","-0.157946582993132","0.404551923558924"
"WQRS","jogging","HRV_MeanNN","0.912448254304547","0.816039684740464","0.959459626776017"
"WQRS","jogging","HRV_SDNN","0.0304745927991757","-0.0252314565401392","0.085991972185517"
"WQRS","jogging","HRV_RMSSD","0.0309192171018007","-0.0456670531348509","0.107144142549754"
"WQRS","jogging","HRV_SDSD","0.0310828997064953","-0.0456741586242637","0.107475087674039"
"WQRS","jogging","HRV_CVSD","0.0324002031757753","-0.0469403090699656","0.11133446443529"
"WQRS","jogging","HRV_CVNN","0.0277678091838287","-0.0307387871461292","0.0860847758112694"
"WQRS","jogging","HRV_TINN","0.105698529411765","-0.15556642779155","0.353142582700999"
"WQRS","jogging","HRV_HTI","0.606457547153591","0.372265188373722","0.768046851557934"
"WQRS","jogging","HRV_SDRMSSD","0.0621602915764124","-0.0274410352404969","0.150770732380666"
"WQRS","jogging","HRV_pNN20","0.0663170583004536","-0.0365682021486077","0.167811201894589"
"WQRS","jogging","HRV_pNN50","0.114124100520793","0.0456681239368757","0.181513230141675"
"WQRS","jogging","HRV_IQRNN","0.52033351325899","0.218653939502469","0.731223591531059"
"WQRS","jogging","HRV_LF","0.215453516495761","-0.0872088996036003","0.481701660612553"
"WQRS","jogging","HRV_HF","0.219643469708263","0.000700603622126591","0.418491921989932"
"WQRS","jogging","HRV_LFHF","0.260384491401743","-0.0409817912043605","0.518324769370484"
"WQRS","jogging","HRV_LFn","0.288355156559931","0.0421303682975731","0.501559255602796"
"WQRS","jogging","HRV_HFn","0.292110779280191","0.0172451410880842","0.525926950229898"
"WQRS","jogging","HRV_LnHF","0.314910849223341","0.0472868802029509","0.540352259510696"
"WQRS","jogging","HRV_SD1","0.0310828997064953","-0.0456741586242636","0.107475087674039"
"WQRS","jogging","HRV_SD2","0.0764657050724904","-0.0187760725817967","0.170332232542122"
"WQRS","jogging","HRV_SD1SD2","0.131619904504693","0.00240146488413629","0.256515084668068"
"WQRS","jogging","HRV_SampEn","0.0701236766239645","-0.248144784229342","0.374728513239251"
"WQRS","jogging","HRV_TP","0.25094673990003","0.0170243477682312","0.458823347000208"
